{
  "knowing-Allah": {
    "Audios": {
      "El engaño del materialismo": "https://knowingallah.com/es/audios/el-engano-del-materialismo/",
      "La importancia de la ablución": "https://knowingallah.com/es/audios/la-importancia-de-la-ablucion/",
      "La condena del derroche": "https://knowingallah.com/es/audios/la-condena-del-derroche/",
      "El Tawassul": "https://knowingallah.com/es/audios/el-tawassul/",
      "Escudos protectores contra el castigo del Infierno": "https://knowingallah.com/es/audios/escudos-protectores-contra-el-castigo-del-infierno/",
      "Reflexiones sobre un año lunar que termina": "https://knowingallah.com/es/audios/reflexiones-sobre-un-ano-lunar-que-termina/",
      "La tentación del materialismo": "https://knowingallah.com/es/audios/la-tentacion-del-materialismo/",
      "La prohibición de los embriagantes y las drogas": "https://knowingallah.com/es/audios/la-prohibicion-de-los-embriagantes-y-las-drogas/",
      "La tentación de la mujer": "https://knowingallah.com/es/audios/la-tentacion-de-la-mujer/",
      "Y sé de aquellos que recuerdan a Al-láh": "https://knowingallah.com/es/audios/y-se-de-aquellos-que-recuerdan-a-al-lah/",
      "Jutbah Protege a Allah que Él te protegerá": "https://knowingallah.com/es/audios/jutbah-protege-a-allah-que-el-te-protegera/",
      "Advertencia contra el extremismo en la religión": "https://knowingallah.com/es/audios/advertencia-contra-el-extremismo-en-la-religion/",
      "Jesús y María en el Islam": "https://knowingallah.com/es/audios/jesus-y-maria-en-el-islam/",
      "Conozca al Profeta del Islam": "https://knowingallah.com/es/audios/conozca-al-profeta-del-islam/",
      "Jutbah Viernes- Revivir hogares, recuerdo de Allah- Conocer a Allah": "https://knowingallah.com/es/audios/632-jutbah-viernes-revivir-hogares-recuerdo-de-allah-conocer-a-allah/",
      "El engaño del materialismo--": "https://knowingallah.com/es/audios/el-engano-del-materialismo/"
    }
  }
}
