{"islam-message":{"audios":[{"title":"Surat Al Ahzaab - سورة الأحزاب","link":"https://islammessage.org/voice_file/920.mp3"},{"title":"Surat Sabaa - سورة سبأ","link":"https://islammessage.org/voice_file/921.mp3"},{"title":"Surat Fater - سورة فاطر","link":"https://islammessage.org/voice_file/922.mp3"},{"title":"Surat Yaseen - سورة يس","link":"https://islammessage.org/voice_file/923.mp3"},{"title":"Surat Al Safaat - سورة الصافات","link":"https://islammessage.org/voice_file/924.mp3"},{"title":"Surat Saad - سورة ص","link":"https://islammessage.org/voice_file/925.mp3"},{"title":"Surat Al Zumor - سورة الزمر","link":"https://islammessage.org/voice_file/926.mp3"},{"title":"Surat Ghafer - سورة غافر","link":"https://islammessage.org/voice_file/927.mp3"},{"title":"Surat Fusselat - سورة فصلت","link":"https://islammessage.org/voice_file/928.mp3"},{"title":"Surat Al Shorah - سورة الشورى","link":"https://islammessage.org/voice_file/929.mp3"},{"title":"Surat Al Zukhrof - سورة الزخرف","link":"https://islammessage.org/voice_file/930.mp3"},{"title":"Surat Al Dukhan - سورة الدخان","link":"https://islammessage.org/voice_file/931.mp3"},{"title":"Surat Al Gatheiah - سورة الجاثية","link":"https://islammessage.org/voice_file/932.mp3"},{"title":"Surat Al Ahqaaf - سورة الأحقاف","link":"https://islammessage.org/voice_file/933.mp3"},{"title":"Surat Mohamad - سورة محمد","link":"https://islammessage.org/voice_file/934.mp3"},{"title":"Surat Al Fath - سورة الفتح","link":"https://islammessage.org/voice_file/935.mp3"},{"title":"Surat Al Hujoraat","link":"https://islammessage.org/voice_file/936.mp3"},{"title":"Surat Qaaf - سورة ق","link":"https://islammessage.org/voice_file/937.mp3"},{"title":"Surat Al Zareiaat - سورة الذاريات","link":"https://islammessage.org/voice_file/938.mp3"},{"title":"Surat Al Toor - سورة الطور","link":"https://islammessage.org/voice_file/939.mp3"},{"title":"Surat Al Najm - سورة النجم","link":"https://islammessage.org/voice_file/940.mp3"},{"title":"Surat Al Qamar - سورة القمر","link":"https://islammessage.org/voice_file/941.mp3"},{"title":"Surat Al Rahman - سورة الرحمن","link":"https://islammessage.org/voice_file/942.mp3"},{"title":"Surat Al Waqeah - سورة الواقعة","link":"https://islammessage.org/voice_file/943.mp3"},{"title":"Surat Al Hadeed - سورة الحديد","link":"https://islammessage.org/voice_file/944.mp3"},{"title":"Surat Al Mujadalah - سورة المجادلة","link":"https://islammessage.org/voice_file/945.mp3"},{"title":"Surat Al Hashr - سورة الحشر","link":"https://islammessage.org/voice_file/946.mp3"},{"title":"Surat Al Mumtahenah - سورة الممتحنة","link":"https://islammessage.org/voice_file/947.mp3"},{"title":"Surat Al Saff - سورة الصف","link":"https://islammessage.org/voice_file/948.mp3"},{"title":"Surat Al Gomoaah - سورة الجمعة","link":"https://islammessage.org/voice_file/949.mp3"},{"title":"Surat Al Munafeqoon - سورة المنافقون","link":"https://islammessage.org/voice_file/950.mp3"},{"title":"Surat Al Taghabon - سورة التغابن","link":"https://islammessage.org/voice_file/951.mp3"},{"title":"Surat Al Talaaq - سورة الطلاق","link":"https://islammessage.org/voice_file/952.mp3"},{"title":"Surat Al Tahreem - سورة التحريم","link":"https://islammessage.org/voice_file/953.mp3"},{"title":"Surat Al Mulk - سورة الملك","link":"https://islammessage.org/voice_file/954.mp3"},{"title":"Surat Al Qalam - سورة القلم","link":"https://islammessage.org/voice_file/955.mp3"},{"title":"Surat Al Haaqah - سورة الحاقة","link":"https://islammessage.org/voice_file/956.mp3"},{"title":"Surat Al Maarej - سورة المعارج","link":"https://islammessage.org/voice_file/957.mp3"},{"title":"Surat Nooh - سورة نوح","link":"https://islammessage.org/voice_file/958.mp3"},{"title":"Surat Al jen - سورة الجن","link":"https://islammessage.org/voice_file/959.mp3"},{"title":"Surat Al Muzzamel - سورة المزمل","link":"https://islammessage.org/voice_file/960.mp3"},{"title":"Surat Al Mudather - سورة المدثر","link":"https://islammessage.org/voice_file/961.mp3"},{"title":"Surat Al Qeiamah - سورة القيامة","link":"https://islammessage.org/voice_file/962.mp3"},{"title":"Surat Al Enssan - سورة الإنسان","link":"https://islammessage.org/voice_file/963.mp3"},{"title":"Surat Al Murssalaat - سورة المرسلات","link":"https://islammessage.org/voice_file/964.mp3"},{"title":"Surat Al Nabaa - سورة النبأ","link":"https://islammessage.org/voice_file/965.mp3"},{"title":"Surat Al Nazeaat - سورة النازعات","link":"https://islammessage.org/voice_file/966.mp3"},{"title":"Surat Abassa - سورة عبس","link":"https://islammessage.org/voice_file/967.mp3"},{"title":"Surat Al Takweer - سورة التكوير","link":"https://islammessage.org/voice_file/968.mp3"},{"title":"Surat Al Infetaar - سورة الإنفطار","link":"https://islammessage.org/voice_file/969.mp3"},{"title":"Surat Al Mutafefeen - سورة المطففيين","link":"https://islammessage.org/voice_file/970.mp3"},{"title":"Surat Al Insheqaaq - سورة الإنشقاق","link":"https://islammessage.org/voice_file/971.mp3"},{"title":"Surat Al Berooj - سورة البروج","link":"https://islammessage.org/voice_file/972.mp3"},{"title":"Surat Al Tareq - سورة الطارق","link":"https://islammessage.org/voice_file/973.mp3"},{"title":"Surat Al Aalah - سورة الأعلى","link":"https://islammessage.org/voice_file/974.mp3"},{"title":"Surat Al Ghasheiah - سورة الغاشية","link":"https://islammessage.org/voice_file/975.mp3"},{"title":"Surat Al Fajr - سورة الفجر","link":"https://islammessage.org/voice_file/976.mp3"},{"title":"Surat Al Balad - سورة البلد","link":"https://islammessage.org/voice_file/977.mp3"},{"title":"Surat Al Shams - سورة الشمس","link":"https://islammessage.org/voice_file/978.mp3"},{"title":"Surat Al Laiel - سورة الليل","link":"https://islammessage.org/voice_file/979.mp3"},{"title":"Surat Al Duhah - سورة الضحى","link":"https://islammessage.org/voice_file/980.mp3"},{"title":"Surat Al Sharh - سورة الشرح","link":"https://islammessage.org/voice_file/981.mp3"},{"title":"Surat Al Teen - سورة التين","link":"https://islammessage.org/voice_file/982.mp3"},{"title":"Surat Al Alaq - سورة العلق","link":"https://islammessage.org/voice_file/983.mp3"},{"title":"Surat Al Qadr - سورة القدر","link":"https://islammessage.org/voice_file/984.mp3"},{"title":"Surat Al Baienah - سورة البينة","link":"https://islammessage.org/voice_file/985.mp3"},{"title":"Surat Al Zalzalah - سورة الزلزلة","link":"https://islammessage.org/voice_file/986.mp3"},{"title":"Surat Al Adeiaat - سورة العاديات","link":"https://islammessage.org/voice_file/987.mp3"},{"title":"Surat Al Qareah - سورة القارعة","link":"https://islammessage.org/voice_file/988.mp3"},{"title":"Surat Al Takathur - سورة التكاثر","link":"https://islammessage.org/voice_file/989.mp3"},{"title":"Surat Al Assr - سورة العصر","link":"https://islammessage.org/voice_file/990.mp3"},{"title":"Surat Al Humozah - سورة الهمزة","link":"https://islammessage.org/voice_file/991.mp3"},{"title":"Surat Al Feel - سورة الفيل","link":"https://islammessage.org/voice_file/992.mp3"},{"title":"Surat Quraeish - سورة قريش","link":"https://islammessage.org/voice_file/993.mp3"},{"title":"Surat Al Maoon - سورة الماعون","link":"https://islammessage.org/voice_file/994.mp3"},{"title":"Surat Al Kaouthar - سورة الكوثر","link":"https://islammessage.org/voice_file/995.mp3"},{"title":"Surat Al Kaferoon -سورة الكافرون","link":"https://islammessage.org/voice_file/996.mp3"},{"title":"Surat Al Nassr - سورة النصر","link":"https://islammessage.org/voice_file/997.mp3"},{"title":"Surat Al Massad - سورة المسد","link":"https://islammessage.org/voice_file/998.mp3"},{"title":"Surat Al Ekhlaas - سورة الإخلاص","link":"https://islammessage.org/voice_file/999.mp3"},{"title":"Surat Al Falaq - سورة الفلق","link":"https://islammessage.org/voice_file/1000.mp3"},{"title":"Surat Al Naas - سورة الناس","link":"https://islammessage.org/voice_file/1001.mp3"},{"title":"Surat Al Fatehah سورة الفاتحة","link":"https://islammessage.org/voice_file/889.mp3"},{"title":"Surat Al Baqarah سورة البقرة","link":"https://islammessage.org/voice_file/890.mp3"},{"title":"Surat Aal Imran - سورة آل عمران","link":"https://islammessage.org/voice_file/891.mp3"},{"title":"Surat Al Nessaa - سورة النساء","link":"https://islammessage.org/voice_file/892.mp3"},{"title":"Surat Al Maiedah - سورة المائدة","link":"https://islammessage.org/voice_file/893.mp3"},{"title":"Surat Al Anaam - سورة الأنعام","link":"https://islammessage.org/voice_file/894.mp3"},{"title":"Surat Al Araaf - سورة الأعراف","link":"https://islammessage.org/voice_file/895.mp3"},{"title":"Surat Al Anfaal - سورة الأنفال","link":"https://islammessage.org/voice_file/896.mp3"},{"title":"Surat Al Taoubah - سورة التوبة","link":"https://islammessage.org/voice_file/897.mp3"},{"title":"Surat Younos - سورة يونس","link":"https://islammessage.org/voice_file/898.mp3"},{"title":"Surat Hood - سورة هود","link":"https://islammessage.org/voice_file/899.mp3"},{"title":"Surat Al Raad - سورة الرعد","link":"https://islammessage.org/voice_file/900.mp3"},{"title":"Surat Yousef - سورة يوسف","link":"https://islammessage.org/voice_file/901.mp3"},{"title":"Surat Ibraheem - سورة إبراهيم","link":"https://islammessage.org/voice_file/902.mp3"},{"title":"Surat Al Hejr - سورة الحجر","link":"https://islammessage.org/voice_file/903.mp3"},{"title":"Surat Al Nahl - سورة النحل","link":"https://islammessage.org/voice_file/904.mp3"},{"title":"Surat Al Esraa - سورة الإسراء","link":"https://islammessage.org/voice_file/905.mp3"},{"title":"Surat Mariam - سورة مريم","link":"https://islammessage.org/voice_file/906.mp3"},{"title":"Surat Al Kahf - سورة الكهف","link":"https://islammessage.org/voice_file/907.mp3"},{"title":"Surat Al Anbiaa - سورة الأنبياء","link":"https://islammessage.org/voice_file/908.mp3"},{"title":"Surat Al Hajj - سورة الحج","link":"https://islammessage.org/voice_file/909.mp3"},{"title":"Surat Al Mouemenoon - سورة المؤمنون","link":"https://islammessage.org/voice_file/910.mp3"},{"title":"Surat Al Furqan - سورة الفرقان","link":"https://islammessage.org/voice_file/911.mp3"},{"title":"Surat Al Noor - سورة النور","link":"https://islammessage.org/voice_file/912.mp3"},{"title":"Surat Al Shuaraa - سورة الشعراء","link":"https://islammessage.org/voice_file/913.mp3"},{"title":"Surat Al Naml - سورة النمل","link":"https://islammessage.org/voice_file/914.mp3"},{"title":"Surat Al Qassas - سورة القصص","link":"https://islammessage.org/voice_file/915.mp3"},{"title":"Surat Al Enkaboot - سورة العنكبوت","link":"https://islammessage.org/voice_file/916.mp3"},{"title":"Surat Al Room - سورة الروم","link":"https://islammessage.org/voice_file/917.mp3"},{"title":"Surat Luqman - سورة لقمان","link":"https://islammessage.org/voice_file/918.mp3"},{"title":"Surat Al Sajdah - سورة السجدة","link":"https://islammessage.org/voice_file/919.mp3"},{"title":"Historia del profeta 23","link":"https://islammessage.org/voice_file/789.ogg"},{"title":"Historia del profeta 24","link":"https://islammessage.org/voice_file/790.ogg"},{"title":"Historia del profeta 25","link":"https://islammessage.org/voice_file/791.ogg"},{"title":"Historia del profeta 26","link":"https://islammessage.org/voice_file/792.ogg"},{"title":"Historia del profeta 27","link":"https://islammessage.org/voice_file/793.ogg"},{"title":"Historia del profeta 28","link":"https://islammessage.org/voice_file/794.ogg"},{"title":"Historia del profeta 5","link":"https://islammessage.org/voice_file/768.ogg"},{"title":"Historia del profeta 6","link":"https://islammessage.org/voice_file/769.ogg"},{"title":"Historia del profeta 7","link":"https://islammessage.org/voice_file/770.ogg"},{"title":"Historia del profeta 8","link":"https://islammessage.org/voice_file/773.ogg"},{"title":"Historia del profeta 9","link":"https://islammessage.org/voice_file/774.ogg"},{"title":"Historia del profeta 10","link":"https://islammessage.org/voice_file/775.ogg"},{"title":"Historia del profeta 11","link":"https://islammessage.org/voice_file/776.ogg"},{"title":"Historia del profeta 12","link":"https://islammessage.org/voice_file/777.ogg"},{"title":"Historia del profeta 13","link":"https://islammessage.org/voice_file/778.ogg"},{"title":"Historia del profeta 14","link":"https://islammessage.org/voice_file/779.ogg"},{"title":"Historia del profeta 15","link":"https://islammessage.org/voice_file/780.ogg"},{"title":"Historia del profeta 16","link":"https://islammessage.org/voice_file/781.ogg"},{"title":"Historia del profeta 17","link":"https://islammessage.org/voice_file/782.ogg"},{"title":"Historia del profeta 18","link":"https://islammessage.org/voice_file/783.ogg"},{"title":"Historia del profeta 19","link":"https://islammessage.org/voice_file/784.ogg"},{"title":"Historia del profeta 20","link":"https://islammessage.org/voice_file/785.ogg"},{"title":"Historia del profeta 21","link":"https://islammessage.org/voice_file/786.ogg"},{"title":"Historia del profeta 22","link":"https://islammessage.org/voice_file/787.ogg"},{"title":"Historia del profeta 1","link":"https://islammessage.org/voice_file/764.ogg"},{"title":"Historia del profeta 2","link":"https://islammessage.org/voice_file/765.ogg"},{"title":"Historia del profeta 3","link":"https://islammessage.org/voice_file/766.ogg"},{"title":"Historia del profeta 4","link":"https://islammessage.org/voice_file/767.ogg"},{"title":"01_El-Musulman","link":"https://islammessage.org/voice_file/449.mp3"},{"title":"02_El-Musulman","link":"https://islammessage.org/voice_file/450.mp3"},{"title":"03_El-Musulman","link":"https://islammessage.org/voice_file/451.mp3"},{"title":"04_El-Musulman","link":"https://islammessage.org/voice_file/452.mp3"},{"title":"Aquidah_Ahlu_Sunnah_sobre_los_Sahabas_1","link":"https://islammessage.org/voice_file/453.mp3"},{"title":"Aquidah_Ahlu_Sunnah_sobre_los_Sahabas_2","link":"https://islammessage.org/voice_file/454.mp3"},{"title":"Como_Convertirse_Al_Islam_Y_Ser_Musulman","link":"https://islammessage.org/voice_file/455.mp3"},{"title":"Aquidah_Ahlu_Sunnah_sobre_los_Sahabas_3","link":"https://islammessage.org/voice_file/456.mp3"},{"title":"Deseo_Arrepentirme_Pero_1","link":"https://islammessage.org/voice_file/457.mp3"},{"title":"Deseo_Arrepentirme_Pero_2","link":"https://islammessage.org/voice_file/458.mp3"},{"title":"la familia feliz","link":"https://islammessage.org/voice_file/459.mp3"},{"title":"Explicacion_del_libro_Los_Pilares_del_Islam_y_el_Iman_1","link":"https://islammessage.org/voice_file/460.mp3"},{"title":"Explicacion_del_libro_Los_Pilares_del_Islam_y_el_Iman_2","link":"https://islammessage.org/voice_file/461.mp3"},{"title":"Explicacion_del_libro_Los_Pilares_del_Islam_y_el_Iman_4","link":"https://islammessage.org/voice_file/462.mp3"},{"title":"Explicacion_del_libro_Los_Pilares_del_Islam_y_el_Iman_3","link":"https://islammessage.org/voice_file/463.mp3"},{"title":"Por_que_elegi_el_islam","link":"https://islammessage.org/voice_file/464.mp3"},{"title":"llave_para_comprender_el_islam_1","link":"https://islammessage.org/voice_file/465.mp3"},{"title":"llave_para_comprender_el_islam_3","link":"https://islammessage.org/voice_file/466.mp3"},{"title":"llave_para_comprender_el_islam_2","link":"https://islammessage.org/voice_file/467.mp3"},{"title":"Los_Profetas_Y_Sus_Mensajes_1","link":"https://islammessage.org/voice_file/468.mp3"},{"title":"Los_Profetas_Y_Sus_Mensajes_2","link":"https://islammessage.org/voice_file/469.mp3"},{"title":"Los_Profetas_Y_Sus_Mensajes_3","link":"https://islammessage.org/voice_file/470.mp3"},{"title":"Inspirarnos para tener altas aspiraciones","link":"https://islammessage.org/voice_file/399.mp3"},{"title":"Jutbah Compasión y tolerancia en el Islam","link":"https://islammessage.org/voice_file/400.mp3"},{"title":"Las virtudes del Corán","link":"https://islammessage.org/voice_file/401.mp3"},{"title":"El camino del arrepentimiento","link":"https://islammessage.org/voice_file/402.mp3"},{"title":"¿Has descubierto la verdad sobre él ?","link":"https://islammessage.org/voice_file/403.mp3"},{"title":"be hacer el musulmán en tiempos de confusión","link":"https://islammessage.org/voice_file/404.mp3"},{"title":"La importancia de la ablución","link":"https://islammessage.org/voice_file/405.mp3"},{"title":"prohibición de los embriagantes y las drogas","link":"https://islammessage.org/voice_file/406.mp3"},{"title":"La tentación de la mujer","link":"https://islammessage.org/voice_file/407.mp3"},{"title":"Cómo nos preparamos para recibir el mes de Ramadán","link":"https://islammessage.org/voice_file/408.mp3"},{"title":"Advertencia contra el extremismo en la religión","link":"https://islammessage.org/voice_file/409.mp3"},{"title":"El Jardín del Paraíso","link":"https://islammessage.org/voice_file/410.mp3"},{"title":"Nuestra creencia en la Predestinación","link":"https://islammessage.org/voice_file/411.mp3"},{"title":"La concentración en la oración","link":"https://islammessage.org/voice_file/412.mp3"},{"title":"Uma das virtudes do conhecimento islâmico","link":"https://islammessage.org/voice_file/413.mp3"},{"title":"Jutbah El Libro de Allah","link":"https://islammessage.org/voice_file/414.mp3"},{"title":"Jutbah Características de la ley de Allah","link":"https://islammessage.org/voice_file/415.mp3"},{"title":"Definición y categorías del monoteísmo 4","link":"https://islammessage.org/voice_file/416.mp3"},{"title":"Definición y categorías del monoteísmo 3","link":"https://islammessage.org/voice_file/417.mp3"},{"title":"Definición y categorías del monoteísmo 2","link":"https://islammessage.org/voice_file/418.mp3"},{"title":"Definición y categorías del monoteísmo 1","link":"https://islammessage.org/voice_file/419.mp3"},{"title":"Tres Principios y sus fundamentos 1","link":"https://islammessage.org/voice_file/420.mp3"},{"title":"Tres Principios y sus fundamentos 2","link":"https://islammessage.org/voice_file/421.mp3"},{"title":"Tres Principios y sus fundamentos 4","link":"https://islammessage.org/voice_file/422.mp3"},{"title":"Tres Principios y sus fundamentos 3","link":"https://islammessage.org/voice_file/423.mp3"},{"title":"Explicación de Sura Al Fâtiha 4","link":"https://islammessage.org/voice_files/original/missing.png"},{"title":"Explicación de Sura Al Fâtiha 3","link":"https://islammessage.org/voice_file/425.mp3"},{"title":"Explicación de Sura Al Fâtiha 1","link":"https://islammessage.org/voice_file/426.mp3"},{"title":"Explicación de Sura Al Fâtiha 2","link":"https://islammessage.org/voice_file/427.mp3"},{"title":"Aferrarse al Tawhid","link":"https://islammessage.org/voice_file/428.mp3"},{"title":"La trascendencia de seguir la Sunnah","link":"https://islammessage.org/voice_file/429.mp3"},{"title":"Un Solo Mensaje","link":"https://islammessage.org/voice_file/430.mp3"},{"title":"La importancia del Salat","link":"https://islammessage.org/voice_file/431.mp3"},{"title":"Ordenar el bien y prohibir el mal","link":"https://islammessage.org/voice_file/432.mp3"},{"title":"Cualidades del Profeta Muhammad","link":"https://islammessage.org/voice_file/433.mp3"},{"title":"Seminario sobre teología Islámica 2","link":"https://islammessage.org/voice_file/434.mp3"},{"title":"Seminario sobre teología Islámica 3","link":"https://islammessage.org/voice_file/435.mp3"},{"title":"Seminario sobre teología Islámica 4","link":"https://islammessage.org/voice_file/436.mp3"},{"title":"Seminario sobre teología Islámica 5","link":"https://islammessage.org/voice_file/437.mp3"},{"title":"Seminario sobre teología Islámica 6","link":"https://islammessage.org/voice_file/438.mp3"},{"title":"Seminario sobre teología Islámica 1","link":"https://islammessage.org/voice_file/439.mp3"},{"title":"La importancia de la Mezquita","link":"https://islammessage.org/voice_file/440.mp3"},{"title":"Las virtudes de buscar el conocimiento","link":"https://islammessage.org/voice_file/441.mp3"},{"title":"Presentación del Islam","link":"https://islammessage.org/voice_file/442.mp3"},{"title":"1 La metodología del Profeta Muhammad al hacer Dawa","link":"https://islammessage.org/voice_file/443.mp3"},{"title":"La súplica y sus beneficios","link":"https://islammessage.org/voice_file/444.mp3"},{"title":"El ayuno, virtudes y veredictos","link":"https://islammessage.org/voice_file/445.mp3"},{"title":"La Importancia del Tawhid","link":"https://islammessage.org/voice_file/446.mp3"},{"title":"¿Dios se hizo hombre?","link":"https://islammessage.org/voice_file/447.mp3"},{"title":"El Verdadero Mensaje de Jesucristo","link":"https://islammessage.org/voice_file/448.mp3"},{"title":"Como Convertirse Al Islam Y Ser Musulman","link":"https://islammessage.org/voice_file/43.mp3"},{"title":"llave_para_comprender_el_islam","link":"https://islammessage.org/voice_file/44.mp3"},{"title":"es_Por_que_elegi_el_islam","link":"https://islammessage.org/voice_file/45.mp3"},{"title":"es_Presentacion_del_Islam","link":"https://islammessage.org/voice_files/original/missing.png"},{"title":"La_religion","link":"https://islammessage.org/voice_file/47.mp3"},{"title":"El nacimiento del Profeta Muhammad","link":"https://islammessage.org/voice_file/19.mp3"},{"title":"Jutbah Caracteristicas de la ley de Allah","link":"https://islammessage.org/voice_file/20.mp3"},{"title":"Jutbah El Jardin Del Paraiso","link":"https://islammessage.org/voice_file/21.mp3"},{"title":"Jutbah La suplica sus condiciones","link":"https://islammessage.org/voice_file/22.mp3"},{"title":"Tres Principios","link":"https://islammessage.org/voice_file/23.mp3"},{"title":"Un Arbol como un Creyente","link":"https://islammessage.org/voice_file/24.mp3"},{"title":"Doctrina nivel clase","link":"https://islammessage.org/voice_file/18.mp3"}]}}