{"guide-to-islam":[{"books":{"La síntesis Material educativo para el nuevo musulán":"https://guidetoislam.com/pdfjs-viewer/web/viewer.html?file\u003dhttps://guidetoislam.com/assets/media/la-sintesis-material-educativo-para-el-nuevo-musulan14015.pdf\u0026embedded\u003dtrue","50 preguntas comunes":"https://guidetoislam.com/pdfjs-viewer/web/viewer.html?file\u003dhttps://guidetoislam.com/assets/media/50-preguntas-comunes-es-compressed14001.pdf\u0026embedded\u003dtrue","Este es el Islam":"https://guidetoislam.com/pdfjs-viewer/web/viewer.html?file\u003dhttps://guidetoislam.com/assets/media/this-is-islam-spanish-mopile13067.pdf\u0026embedded\u003dtrue","Un día con tu amado, el Profeta, la paz y las bendiciones de Al-lah sean con él":"https://guidetoislam.com/pdfjs-viewer/web/viewer.html?file\u003dhttps://guidetoislam.com/assets/media/un-dia-con-tu-amado-el-profeta-la-paz-y-las-bendiciones-de-al-lah-sean-con-el-book12889.pdf\u0026embedded\u003dtrue","Una breve guia ilustrada para entender el Islam":"https://guidetoislam.com/pdfjs-viewer/web/viewer.html?file\u003dhttps://guidetoislam.com/assets/media/una-breve-guia-ilustrada-para-entender-el-islam12845.pdf\u0026embedded\u003dtrue","Aprendiendo Mi oración":"https://guidetoislam.com/pdfjs-viewer/web/viewer.html?file\u003dhttps://guidetoislam.com/assets/media/aprendiendo-mi-oracion12792.pdf\u0026embedded\u003dtrue","la gran copa mundial":"https://guidetoislam.com/pdfjs-viewer/web/viewer.html?file\u003dhttps://guidetoislam.com/assets/media/the-greatest-world-cup-es12124.pdf\u0026embedded\u003dtrue","Cuarenta hadices para niños (Al arba’una al wildanía)":"https://guidetoislam.com/pdfjs-viewer/web/viewer.html?file\u003dhttps://guidetoislam.com/assets/media/cuarenta-hadices-para-ninos-al-arbauna-al-wildania11983.pdf\u0026embedded\u003dtrue","El Adhán Un grandioso Ilamado para un rito grandioso":"https://guidetoislam.com/pdfjs-viewer/web/viewer.html?file\u003dhttps://guidetoislam.com/assets/media/azahn-es10228.pdf\u0026embedded\u003dtrue","¿Cómo trata el Islam con desastres naturales y epidemias?":"https://guidetoislam.com/pdfjs-viewer/web/viewer.html?file\u003dhttps://guidetoislam.com/assets/media/como-trata-el-islam-con-desastres-naturales-y-epidemias10239.pdf\u0026embedded\u003dtrue","Guía del profeta Muhammad para la prevención y protección contra enfermedades y epidemias":"https://guidetoislam.com/pdfjs-viewer/web/viewer.html?file\u003dhttps://guidetoislam.com/assets/media/es-guia-del-profeta-muhammad9161.pdf\u0026embedded\u003dtrue","​Orientación Islámica sobre la Epidemia del Coronavirus.":"https://guidetoislam.com/pdfjs-viewer/web/viewer.html?file\u003dhttps://guidetoislam.com/assets/media/orientacion-islamica-sobre-la-epidemia-del-coronavirus8949.pdf\u0026embedded\u003dtrue","El Comienzo y el Final":"https://guidetoislam.com/pdfjs-viewer/web/viewer.html?file\u003dhttps://guidetoislam.com/assets/media/the-beginning-and-the-end-es8834.pdf\u0026embedded\u003dtrue","Hisnul-Mu’min “El Refugio del Creyente”":"https://guidetoislam.com/pdfjs-viewer/web/viewer.html?file\u003dhttps://guidetoislam.com/assets/media/hisn-al-mumin-the-fortification-of-the-believer-es8831.pdf\u0026embedded\u003dtrue","Los Derechos Humanos en el Islam":"https://guidetoislam.com/pdfjs-viewer/web/viewer.html?file\u003dhttps://guidetoislam.com/assets/media/human-rights-in-islam-es8829.pdf\u0026embedded\u003dtrue","LA MUJER EN EL ISLAM":"https://guidetoislam.com/pdfjs-viewer/web/viewer.html?file\u003dhttps://guidetoislam.com/assets/media/women-in-islam-es8827.pdf\u0026embedded\u003dtrue","¿CÓMO ABRAZAR EL ISLAM?":"https://guidetoislam.com/pdfjs-viewer/web/viewer.html?file\u003dhttps://guidetoislam.com/assets/media/my-first-step-in-islam-es8721.pdf\u0026embedded\u003dtrue","La Pureza":"https://guidetoislam.com/pdfjs-viewer/web/viewer.html?file\u003dhttps://guidetoislam.com/assets/media/the-purity-es8719.pdf\u0026embedded\u003dtrue","Perspectiva Islámica sobre el Sexo":"https://guidetoislam.com/pdfjs-viewer/web/viewer.html?file\u003dhttps://guidetoislam.com/assets/media/islamic-perspective-on-sex-es8717.pdf\u0026embedded\u003dtrue","JESÚS (CON ÉL SEA LA PAZ) EN EL CORÁN":"https://guidetoislam.com/pdfjs-viewer/web/viewer.html?file\u003dhttps://guidetoislam.com/assets/media/jesus-in-the-quran-es8715.pdf\u0026embedded\u003dtrue","EL ROMANTICISMO EN EL ISLAM":"https://guidetoislam.com/pdfjs-viewer/web/viewer.html?file\u003dhttps://guidetoislam.com/assets/media/romance-in-islam-es8713.pdf\u0026embedded\u003dtrue","El Verdadero Concepto De Dios":"https://guidetoislam.com/pdfjs-viewer/web/viewer.html?file\u003dhttps://guidetoislam.com/assets/media/the-true-concept-of-god-es7757.pdf\u0026embedded\u003dtrue"}}]}