{"Quran ":{"Guide":{"Guide":"Contiene varias traducciones diferentes de los significados del Sagrado Corán en español.\n Es importante señalar que todas estas traducciones son traducciones humanas.  El Corán se basa únicamente en la revelación original en idioma árabe, y todas estas traducciones se realizaron para facilitar la comprensión del Corán a los no árabes, pero estas traducciones aún están incompletas y contienen errores porque son humanas. hecho."}},"Hadith ":{"Guide":{"Guide":"Contiene los dichos, hadices y hechos del profeta Muhammad .  Se considera la segunda fuente de revelación para los musulmanes, proviene de Dios y fue hablada por el Profeta.\n\n Hay una diferencia entre este y el Corán, y es que Dios ha prometido preservar todo el Corán, por lo que no contiene errores.\n Si bien los hadices, algunos de los cuales son auténticos, en realidad fueron dichos por el Profeta\n Entre ellos está lo que es falso y no fue dicho por el Profeta, sino inventado por algunos mentirosos, y entre los hadices está lo que se encuentra entre estos dos niveles.\n\n A través de la ciencia de la terminología de los hadices, se conoce la autenticidad de cada hadiz, lo cual es un asunto complejo.\n\n Pero hay que señalar que entre los hadices que se han colocado aquí hay hadices 100% auténticos dichos por el Profeta, y hay hadices que son de menor grado que ellos."}},"Equipaje Del Nuevo musulmán ":{"Guide":{"Guide":"Contiene los primeros pasos para el nuevo musulmán, comenzando con pronunciar el testimonio de fe y abrazando el Islam, luego explicando la sana doctrina islámica, luego explicando los pilares del Islam, explicando cómo orar, luego explicando los buenos ajustes en el ámbito social y moral. vida de un musulmán, cómo tratar a tus padres, a tus hijos, a tu marido o a tu esposa, cómo comer y beber, cómo tratar a las personas, transacciones financieras y otros asuntos.\n Y cambios morales mediante la enseñanza de valores islámicos.\n Luego explicó aspectos de la vida del Profeta, la paz y las bendiciones de Al-lah sean con él \n También hay una sección de súplicas diarias para todos los asuntos de la vida.\n\n Debes aprender paso a paso.\n\n🌷✨Lo más importante que aprendes es la creencia, que es el primero de los cinco pilares del Islam, luego aprendes las 5 oraciones, que es el segundo de los cinco pilares del Islam, y es lo más importante que puede hacer un musulmán. .\n\n Después de eso, aprenderá los tres pilares restantes a intervalos junto con el resto de las otras lecciones, como la moral, las transacciones y otros asuntos."}},"La Educación Avanzada ":{"Guide":{"Guide":"Esta sección está dirigida al musulmán que ha completado las lecciones anteriores y desea aprender más. Aquí encontrará muchas, muchas enciclopedias, lecciones y clips que necesita.\n\n Además, esta sección está dirigida a los no musulmanes que buscan la verdad, ya que hay muchas cosas que les ayudarán."}}}