{
  "islam-house": {
    "Articles": {
      "Ramas de la fe en la legislación islámica": "https://d1.islamhouse.com/data/es/ih_articles/single/es-islamica.pdf",
      "La secta chiita: Orígenes y creencias": "https://reader.islamhouse.com/read.php?id\u003d2828417",
      "Aclaración del desvío de las creencias de los qadianis": "https://reader.islamhouse.com/read.php?id\u003d2828406",
      "El monoteísmo islámico": "https://reader.islamhouse.com/read.php?id\u003d2809698",
      "¿Jesús es Dios o enviado por Dios?": "https://reader.islamhouse.com/read.php?id\u003d2809696",
      "La brujería en el Islam": "https://reader.islamhouse.com/read.php?id\u003d2776232",
      "Tres razones para creer en Dios": "https://reader.islamhouse.com/read.php?id\u003d2776230",
      "¿Cómo sabemos que Dios es Uno? Una perspectiva filosófica y teológica": "https://reader.islamhouse.com/read.php?id\u003d2770412",
      "Historia de las diferentes sectas del chiismo": "https://reader.islamhouse.com/read.php?id\u003d887115",
      "El ocultamiento místico en el chiismo": "https://d1.islamhouse.com/data/es/ih_articles/single2/es_elocultamiento_mistico_en_el_chiismo.pdf",
      "¿Estamos solos?: El mundo de los yinn": "https://reader.islamhouse.com/read.php?id\u003d721331",
      "Aceptar el Islam": "https://reader.islamhouse.com/read.php?id\u003d585010",
      "Viernes: El mejor día de la semana": "https://reader.islamhouse.com/read.php?id\u003d450333",
      "La Obvia Existencia de Dios": "https://reader.islamhouse.com/read.php?id\u003d446010",
      "La Verdad es Única": "https://reader.islamhouse.com/read.php?id\u003d445996",
      "Profecías del Corán Dirigidas a Muhammad": "https://reader.islamhouse.com/read.php?id\u003d443591",
      "Las Profecías de Muhammad": "https://reader.islamhouse.com/read.php?id\u003d443567",
      "Los Milagros de Muhámmad": "https://reader.islamhouse.com/read.php?id\u003d443565",
      "¿Quién es el Profeta Muhámmad?": "https://reader.islamhouse.com/read.php?id\u003d443555",
      "Shiítas, Shiísmo y el Islam": "https://reader.islamhouse.com/read.php?id\u003d443493",
      "¿Qué es lo que el Islam dice sobre el Terrorismo?": "https://reader.islamhouse.com/read.php?id\u003d440227",
      "Las Profecias del Coran": "https://reader.islamhouse.com/read.php?id\u003d439681",
      "María en el Islam": "https://reader.islamhouse.com/read.php?id\u003d438916",
      "Los títulos descriptivos de Jesús en el Corán": "https://reader.islamhouse.com/read.php?id\u003d438867",
      "Jesús en el Islam": "https://reader.islamhouse.com/read.php?id\u003d438833",
      "El mandato más importante de Jesús": "https://reader.islamhouse.com/read.php?id\u003d438817",
      "La Importancia de la Oración": "https://reader.islamhouse.com/read.php?id\u003d434206",
      "La gracia, la fe y las obras": "https://reader.islamhouse.com/read.php?id\u003d433911",
      "La Adoración en el Islam": "https://reader.islamhouse.com/read.php?id\u003d433906",
      "El Segundo Pilar del Islam La Oración": "https://reader.islamhouse.com/read.php?id\u003d433896",
      "El Primer Pilar del Islam: La Declaración de Fe": "https://reader.islamhouse.com/read.php?id\u003d433894",
      "¿Qué lleva a la gente a convertirse al Islam?": "https://reader.islamhouse.com/read.php?id\u003d433890",
      "Jesús hijo de María": "https://reader.islamhouse.com/read.php?id\u003d433704",
      "Una breve historia de María": "https://reader.islamhouse.com/read.php?id\u003d433702",
      "El Propósito de la Vida": "https://reader.islamhouse.com/read.php?id\u003d433460",
      "El Propósito de la Creación": "https://reader.islamhouse.com/read.php?id\u003d433458",
      "Surat sinceridad": "https://reader.islamhouse.com/read.php?id\u003d433380",
      "¿Dónde está Dios?": "https://reader.islamhouse.com/read.php?id\u003d433378",
      "Los Nombres de Dios": "https://reader.islamhouse.com/read.php?id\u003d433376",
      "¿Dios se hizo hombre?": "https://reader.islamhouse.com/read.php?id\u003d433372",
      "El Concepto de Dios en el Islam": "https://reader.islamhouse.com/read.php?id\u003d431678",
      "¿Quién es Allah?": "https://reader.islamhouse.com/read.php?id\u003d431666",
      "Ángeles": "https://reader.islamhouse.com/read.php?id\u003d431650",
      "El Mundo de los Genios": "https://reader.islamhouse.com/read.php?id\u003d431647",
      "La universalidad del Islam": "https://reader.islamhouse.com/read.php?id\u003d431645",
      "La Creencia en el Designio Divino": "https://reader.islamhouse.com/read.php?id\u003d431441",
      "La Creencia en la Vida después de la Muerte": "https://reader.islamhouse.com/read.php?id\u003d431434",
      "La Creencia en los Profetas": "https://reader.islamhouse.com/read.php?id\u003d431416",
      "La Creencia en las Escrituras": "https://reader.islamhouse.com/read.php?id\u003d431398",
      "La Creencia en los Ángeles": "https://reader.islamhouse.com/read.php?id\u003d431388",
      "Creencia en Dios": "https://reader.islamhouse.com/read.php?id\u003d431385",
      "¿Qué es el Islam?": "https://reader.islamhouse.com/read.php?id\u003d431380",
      "Una breve introducción al Islam": "https://reader.islamhouse.com/read.php?id\u003d431378",
      "Jesucristo, ¿Hijo de Dios?": "https://d1.islamhouse.com/data/es/ih_articles/single/es_Jesucristo_Hijo_de_Dios.pdf",
      "¿Por qué el Islam?": "https://d1.islamhouse.com/data/es/ih_articles/single/es_Por_que_el_Islam.pdf",
      "¿Divinidad de Jesús? Una indagación": "https://d1.islamhouse.com/data/es/ih_articles/single/es_Divinidad_de_Jesus_Una_indagacion.pdf",
      "¿Dónde está “Cristo” en el “cristianismo”?": "https://reader.islamhouse.com/read.php?id\u003d427913",
      "El pecado original": "https://d1.islamhouse.com/data/es/ih_articles/single/es_El_pecado_original.pdf",
      "Las tres grandes preguntas": "https://d1.islamhouse.com/data/es/ih_articles/single/es_Las_tres_grandes_preguntas.pdf",
      "Fanáticos de Jesús": "https://d1.islamhouse.com/data/es/ih_articles/single/es_Fanaticos_de_Jesus.pdf",
      "¿Qué es la Sunnah?": "https://reader.islamhouse.com/read.php?id\u003d406217",
      "Sufismo": "https://reader.islamhouse.com/read.php?id\u003d406209",
      "Los ángeles": "https://reader.islamhouse.com/read.php?id\u003d398695",
      "Descubra al verdadero Jesús": "https://reader.islamhouse.com/read.php?id\u003d398669",
      "¿Cómo rezaban los profetas Abraham, Moisés, Jesús y Muhammad?": "https://d1.islamhouse.com/data/es/ih_articles/single/es_como_rezaban_los_profetas.pdf",
      "Cómo hacer la ablución y sus beneficios. La ablución seca y pasar la mano húmeda sobre los calcetines": "https://reader.islamhouse.com/read.php?id\u003d380886",
      "El Islam es un sistema completo, y algunas de sus bellas cualidades": "https://reader.islamhouse.com/read.php?id\u003d380880",
      "Los pilares y obligaciones del Salat y algunas de sus prescripciones": "https://reader.islamhouse.com/read.php?id\u003d368351",
      "Preservar la práctica del rezo, el castigo de quien lo abandona y la invitación de realizarlo en grupo": "https://reader.islamhouse.com/read.php?id\u003d368343",
      "La debilidad en la fe": "https://reader.islamhouse.com/read.php?id\u003d340554",
      "La intercesión del Profeta": "https://reader.islamhouse.com/read.php?id\u003d339018",
      "El peligro de la idolatría menor (Shirk Asgar)": "https://reader.islamhouse.com/read.php?id\u003d339010",
      "¿Cómo se realiza la ablución?": "https://d1.islamhouse.com/data/es/ih_articles/single/es_ablucion.pdf",
      "El Concepto de Dios en la Sura 112": "https://d1.islamhouse.com/data/es/ih_articles/single/es_Concept_of_God_in_Islam.pdf",
      "El Islam Explicado": "https://d1.islamhouse.com/data/es/ih_articles/single/es_islam_explicado.pdf",
      "Quién fue Jesús": "https://d1.islamhouse.com/data/es/ih_articles/single/es_quien_fue_jesus.pdf",
      "Qué dice el Islam sobre el terrorismo": "https://d1.islamhouse.com/data/es/ih_articles/single/es_Que_dice_Islam_sobre_terrorismo.pdf",
      "El concepto de adoración en el Islam": "https://d1.islamhouse.com/data/es/ih_articles/single/es_concepto_de_adoracion_en_Islam.pdf",
      "Muhammad en la Biblia": "https://d1.islamhouse.com/data/es/ih_articles/single/es_muhammad_in_the_bible.pdf",
      "La importancia de la oración": "https://d1.islamhouse.com/data/es/ih_articles/single/es_importance_of_prayer.pdf",
      "La súplica y sus beneficios": "https://d1.islamhouse.com/data/es/ih_articles/single/es_virtue_of_supplication.pdf",
      "La importancia de seguir la Sunnah": "https://d1.islamhouse.com/data/es/ih_articles/single/es_importance_of_follow_the_sunnah.pdf",
      "La oración del viernes (Salat Al-Yumu‘ah)": "https://reader.islamhouse.com/read.php?id\u003d189371",
      "La oración grupal": "https://reader.islamhouse.com/read.php?id\u003d189365",
      "Descripción de la oración": "https://reader.islamhouse.com/read.php?id\u003d189333",
      "Definición, estatus y virtudes de la oración": "https://reader.islamhouse.com/read.php?id\u003d189325",
      "Un Mensajero para toda la Humanidad": "https://reader.islamhouse.com/read.php?id\u003d153366",
      "Anuladores del Udú’": "https://reader.islamhouse.com/read.php?id\u003d79232",
      "La ablución (Al Udú’)": "https://reader.islamhouse.com/read.php?id\u003d79228",
      "LA CREENCIA ( ‘AQIDAH ) DE AHLU SUNNAH ( SUNNIS ) SOBRE LOS COMPAÑEROS DEL PROFETA MUHAMMAD": "https://reader.islamhouse.com/read.php?id\u003d78410",
      "MUHAMMAD EN LA BIBLIA": "https://reader.islamhouse.com/read.php?id\u003d76003",
      "La visita a la mezquita del Profeta (Al-Masyid An-Nabawi)": "https://reader.islamhouse.com/read.php?id\u003d75995",
      "LA PURIFICACIÓN Y LA ORACIÓN DEL ENFERMO": "https://reader.islamhouse.com/read.php?id\u003d67226",
      "La Súplica, condiciones y virtudes": "https://reader.islamhouse.com/read.php?id\u003d58995",
      "El Concepto de Divinidad en el Islam": "https://d1.islamhouse.com/data/es/ih_articles/single/es_concepto_de_Dios_en_Islam.pdf",
      "El Concepto de adoración en el Islam": "https://reader.islamhouse.com/read.php?id\u003d57380",
      "La purificación (Udu), la purificación virtual (taiammum) y el pasar la mano mojada sobre la media de cuero (masj ala aljufein)": "https://reader.islamhouse.com/read.php?id\u003d57280",
      "El Tawhid Primero": "https://d1.islamhouse.com/data/es/ih_articles/single/es_Montheism_First.pdf",
      "Cómo rezar acorde a la Sunnah del Profeta Muhammad": "https://d1.islamhouse.com/data/es/ih_articles/single/es_The_Manner_Of_Praying_Of_The_Prophet.pdf",
      "Las condiciones del testimonio de Fe": "https://d1.islamhouse.com/data/es/ih_articles/single/es_The_Conditions_Of_There_Is_No_God_But_Allah.pdf",
      "¿Qué es el Islam ?": "https://reader.islamhouse.com/read.php?id\u003d254",
      "Por qué Dios nos creó": "https://d1.islamhouse.com/data/es/ih_articles/single/es-alhikma.pdf",
      "SOY MUSULMÁN": "https://d1.islamhouse.com/data/es/ih_articles/single/es-ana-muslim.pdf",
      "¿Quiénes son Ahlus-Sunnah Wal Yama’ah?": "https://d1.islamhouse.com/data/es/ih_articles/single2/es-alsunna.pdf",
      "‏Normas islámicas referentes a la salida de sustancias por ambos orificios excretores": "https://d1.islamhouse.com/data/es/ih_articles/single2/es-normas-islamicas-referentes-a-la-salida-de-sustancias-por-ambos-orificios-excretore.pdf",
      "La mujer es una reina en el Islam": "https://reader.islamhouse.com/read.php?id\u003d2829640",
      "Satanismo": "https://reader.islamhouse.com/read.php?id\u003d2809700",
      "Diálogos en el Paraíso y el Infierno": "https://reader.islamhouse.com/read.php?id\u003d2780121",
      "Cómo se infiltró la idolatría en el Cristianismo": "https://reader.islamhouse.com/read.php?id\u003d2770856",
      "Mujeres en alquiler: Una atrocidad del chiismo": "https://d1.islamhouse.com/data/es/ih_articles/single2/es_Mujeres_en_alquiler_matrimonio_temporal.pdf",
      "La mujer en el Islam": "https://reader.islamhouse.com/read.php?id\u003d822110",
      "Capítulo 52, At-Tur (La montaña de Tur)": "https://reader.islamhouse.com/read.php?id\u003d794861",
      "Investigando el Islam La metodología sugerida": "https://reader.islamhouse.com/read.php?id\u003d722533",
      "La adivinación": "https://reader.islamhouse.com/read.php?id\u003d585006",
      "Duá (Súplica)": "https://reader.islamhouse.com/read.php?id\u003d474198",
      "“Todos ustedes están desviados, excepto aquellos a quienes Yo guío”": "https://reader.islamhouse.com/read.php?id\u003d450327",
      "Ateísmo": "https://reader.islamhouse.com/read.php?id\u003d446018",
      "Paz y seguridad en El Islam": "https://reader.islamhouse.com/read.php?id\u003d445981",
      "Ahmadiyah": "https://reader.islamhouse.com/read.php?id\u003d443495",
      "La compasión del Profeta Muhammad para con los no musulmanes": "https://reader.islamhouse.com/read.php?id\u003d442703",
      "La Verdadera situación de la Mujer en el Islam": "https://reader.islamhouse.com/read.php?id\u003d440231",
      "Los Derechos Humanos y la Justicia en el Islam": "https://reader.islamhouse.com/read.php?id\u003d440194",
      "El Desafio del Coran": "https://reader.islamhouse.com/read.php?id\u003d439683",
      "El Talmud y sus autores": "https://reader.islamhouse.com/read.php?id\u003d438920",
      "La crucifixión": "https://reader.islamhouse.com/read.php?id\u003d438856",
      "La oración en el Islam": "https://reader.islamhouse.com/read.php?id\u003d434204",
      "El Quinto Pilar del Islam La Peregrinación": "https://reader.islamhouse.com/read.php?id\u003d433904",
      "El Cuarto Pilar del Islam: El Ayuno de Ramadán": "https://reader.islamhouse.com/read.php?id\u003d433902",
      "El Tercer Pilar del Islam: Caridad Obligatoria": "https://reader.islamhouse.com/read.php?id\u003d433898",
      "Como difiere la fe del Islam de las de otras Religiones?": "https://reader.islamhouse.com/read.php?id\u003d431373",
      "Misterios religiosos": "https://d1.islamhouse.com/data/es/ih_articles/single/es_Misterios_religiosos.pdf",
      "La secta Ahmadia o Qadiania": "https://reader.islamhouse.com/read.php?id\u003d415193",
      "La Historia de Jesús y María en el Sagrado Corán": "https://reader.islamhouse.com/read.php?id\u003d409138",
      "El buen trato a los padres": "https://reader.islamhouse.com/read.php?id\u003d406207",
      "Ideas erróneas sobre “Allah”": "https://reader.islamhouse.com/read.php?id\u003d398699",
      "Sobre la sencillez de esta religión y cómo perfecciona la sociedad": "https://reader.islamhouse.com/read.php?id\u003d380884",
      "El Dhiker (recuerdo) de Al-lah": "https://reader.islamhouse.com/read.php?id\u003d368349",
      "Lo que no es el Islam": "https://d1.islamhouse.com/data/es/ih_articles/single/es_Folleto_Lo_que_no_es_el_Islam.pdf",
      "El Cuarto Pilar del Islam: El Ayuno de Ramadán 2": "https://reader.islamhouse.com/read.php?id\u003d315495",
      "¿Has descubierto su verdadera belleza?": "https://d1.islamhouse.com/data/es/ih_articles/single/es_Has_descubierto_Verdadera_Belleza.pdf",
      "La Súplica 2": "https://d1.islamhouse.com/data/es/ih_articles/single/es_Ad_Duaa.pdf",
      "Súplicas y recitaciones en la legislación Islámica (Ar-Ruqiah ash-Shar’iah)": "https://d1.islamhouse.com/data/es/ih_articles/single/es_S_plicas_y_recitaciones.pdf",
      "Nada merece ser adorado salvo Alá": "https://d1.islamhouse.com/data/es/ih_articles/single/es_Nada_merece_ser_adorado_salvo_Ala.pdf",
      "Diálogo sereno y reflexivo": "https://d1.islamhouse.com/data/es/ih_articles/single/es_di_logo_sereno_y_reflexivo.pdf",
      "El estatus de la mujer en el Islam": "https://d1.islamhouse.com/data/es/ih_articles/single/es_estatus_de_mujer_Islam.pdf",
      "La vida después de la muerte": "https://d1.islamhouse.com/data/es/ih_articles/single/es_La_vida_despues_de_la_muerte.pdf",
      "El veredicto legal sobre festejar el nacimiento del Profeta": "https://reader.islamhouse.com/read.php?id\u003d196033",
      "Ibn ‘Abbas y las virtudes del Conocimiento": "https://d1.islamhouse.com/data/es/ih_articles/single/es_ibn_abbas_and_preferred_science.pdf",
      "La flexibilidad y facilidad de la legislación Islámica": "https://d1.islamhouse.com/data/es/ih_articles/single/es_islamic_stipdin.pdf",
      "Súplicas para pronunciar después de las cinco oraciones diarias": "https://reader.islamhouse.com/read.php?id\u003d189351",
      "LOS DERECHOS DE LOS SABIOS": "https://reader.islamhouse.com/read.php?id\u003d178657",
      "La purificación 2": "https://reader.islamhouse.com/read.php?id\u003d79221",
      "Los derechos humanos en el Islam": "https://reader.islamhouse.com/read.php?id\u003d57388",
      "El Sistema moral del Islam": "https://reader.islamhouse.com/read.php?id\u003d57386",
      "La purificación para la oración": "https://reader.islamhouse.com/read.php?id\u003d57278",
      "La menstruación, la metrorragia y la hemorragia posparto (apartado sobre el Ayuno)": "https://reader.islamhouse.com/read.php?id\u003d57153",
      "7 Respuestas sobre el Islam": "https://reader.islamhouse.com/read.php?id\u003d52179",
      "Súplicas diarias del Musulmán": "https://d1.islamhouse.com/data/es/ih_articles/single/es_Azkar_alMuslim_In_day.pdf",
      "¿Qué es el Noble Corán?": "https://d1.islamhouse.com/data/es/ih_articles/single/es-ta3rief.pdf",
      "El Islam VS El racismo": "https://d1.islamhouse.com/data/es/ih_articles/single/es-racismoo.pdf",
      "Evidencias de la existencia de Dios": "https://d1.islamhouse.com/data/es/ih_articles/single/es-evidencias.pdf",
      "La humanidad necesita el Mensaje del Profeta Muhamad": "https://d1.islamhouse.com/data/es/ih_articles/single/es-resala.pdf",
      "La religión universal": "https://d1.islamhouse.com/data/es/ih_articles/single2/es-universal.pdf",
      "Conozca el Islam en 5 minutos": "https://d1.islamhouse.com/data/es/ih_articles/single/es-5-minutos.pdf",
      "Jesús (el Cristo) en el Islam": "https://d1.islamhouse.com/data/es/ih_articles/single/es-jesus-en-el-islam.pdf",
      "¿ Cómo convertirse al Islam ?": "https://d1.islamhouse.com/data/es/ih_articles/single/es-convertirse.pdf",
      "¿ Por qué el Islam ?": "https://d1.islamhouse.com/data/es/ih_articles/single/es-el-islam.pdf",
      "El Corán es la palabra de Dios": "https://d1.islamhouse.com/data/es/ih_articles/single/es-el-coran.pdf",
      "La posición de la mujer en el Islam": "https://d1.islamhouse.com/data/es/ih_articles/single/es-la-mujer.pdf",
      "El Islam es la religión innata": "https://d1.islamhouse.com/data/es/ih_articles/single/es-religion.pdf",
      "Sefat Salatul Nabi Spanish (Una breve descripción ilustrada de la oración del Profeta)": "https://d1.islamhouse.com/data/es/ih_articles/single/es-sefat-salatul-alnabi.pdf",
      "La virtud de la oracón funébre": "https://d1.islamhouse.com/data/es/ih_articles/single/es-la-virtud-de-la-oracon-funebre.pdf",
      "Los atributos con los que Allah creó a las personas (la fitrah)": "https://d1.islamhouse.com/data/es/ih_articles/single/es-sunan-alfitra.pdf",
      "Descripción de la ablución, el tayammum y el ghusl": "https://d1.islamhouse.com/data/es/ih_articles/single/es-sifat-alwudu-waltayamum-walghusl.pdf",
      "description de la oracion del Profeta": "https://d1.islamhouse.com/data/es/ih_articles/single/es-sifat-salat-alnabii-salaa-allah-ealayh-wasalam.pdf",
      "Derechos invocados por fitra condición innata del ser humano": "https://d1.islamhouse.com/data/es/ih_articles/single/es-mulakhas-huquq-daeat-iilayha-alfitrat-waqararatha-alshariea.pdf",
      "La jurisprudencia del ayuno": "https://d1.islamhouse.com/data/es/ih_articles/single2/es-los-veredictos-sobre-el-ayuno.pdf",
      "Invalidantes del ayuno": "https://d1.islamhouse.com/data/es/ih_articles/single2/es-invalidantes-del-ayuno.pdf",
      "El ayuno en Ramadan": "https://d1.islamhouse.com/data/es/ih_articles/single2/es-elayuno-en-ramadan.pdf",
      "Guía del profeta Muhammad para la prevención y protección contra enfermedades y epidemias": "https://d1.islamhouse.com/data/es/ih_articles/single2/es-guia-del-profeta-muhammad.pdf",
      "LA PERSPECTIVA DE LOS MUSULMANES ACERCA DEL CORONAVIRUS": "https://d1.islamhouse.com/data/es/ih_articles/single2/es-la-perspectiva-de-los-musulmanes-acerca-del-coronavirus.pdf",
      "La historia de Moisés": "https://reader.islamhouse.com/read.php?id\u003d2827125",
      "Herencias y testamentos islámicos": "https://reader.islamhouse.com/read.php?id\u003d2809571",
      "La ética ante el desacuerdo y la discordia en el Islam": "https://d1.islamhouse.com/data/es/ih_articles/single2/es_La_etica_ante_el_desacuerdo_y_la_discordia_en_el_Islam.pdf",
      "El equilibrio armónico del universo": "https://reader.islamhouse.com/read.php?id\u003d2787466",
      "Inexactitud bíblica y Juan 3:16": "https://reader.islamhouse.com/read.php?id\u003d2780123",
      "Develando los milagros cristianos de curación": "https://reader.islamhouse.com/read.php?id\u003d2780119",
      "Los sueños": "https://reader.islamhouse.com/read.php?id\u003d2776228",
      "¿Qué es la wicca?": "https://reader.islamhouse.com/read.php?id\u003d2771737",
      "El manejo de la ira en el Islam": "https://reader.islamhouse.com/read.php?id\u003d899739",
      "¿Los Chías son considerados musulmanes?": "https://d1.islamhouse.com/data/es/ih_articles/single2/es_Son_los_Chiias_considerados_musulmanes.pdf",
      "Uzmán Ibn Affan": "https://reader.islamhouse.com/read.php?id\u003d887117",
      "La historia del asesinato de Al Jusain ibn Ali": "https://d1.islamhouse.com/data/es/ih_articles/single2/es_Historia_del_asesinato_de_al_Jusain_ibn_Ali.pdf",
      "La Nación del Islam": "https://reader.islamhouse.com/read.php?id\u003d822124",
      "La Creación de una conciencia ambiental": "https://reader.islamhouse.com/read.php?id\u003d822122",
      "¿Todos los musulmanes representan al Islam?": "https://reader.islamhouse.com/read.php?id\u003d822118",
      "Por qué el cerdo está Prohibido en el Islam?": "https://reader.islamhouse.com/read.php?id\u003d822116",
      "La Salud en el Islam": "https://reader.islamhouse.com/read.php?id\u003d822114",
      "Cómo comportarse al ser afligido por la enfermedad": "https://reader.islamhouse.com/read.php?id\u003d822108",
      "Respuestas racionales a los compromisos ideológicos": "https://reader.islamhouse.com/read.php?id\u003d794863",
      "Bilal Ibn Rabah": "https://reader.islamhouse.com/read.php?id\u003d794859",
      "¿Qué es la Cienciología?": "https://reader.islamhouse.com/read.php?id\u003d721337",
      "¿Qué es el sijismo?": "https://reader.islamhouse.com/read.php?id\u003d721335",
      "El Profeta y la misericordia con los animales": "https://reader.islamhouse.com/read.php?id\u003d721333",
      "Abdullah Ibn Salam": "https://reader.islamhouse.com/read.php?id\u003d721329",
      "Los rituales fúnebres en el Islam": "https://reader.islamhouse.com/read.php?id\u003d585008",
      "La Fitrah": "https://reader.islamhouse.com/read.php?id\u003d450331",
      "Los beneficios de convertirte al Islam": "https://reader.islamhouse.com/read.php?id\u003d450329",
      "¿Quién es el Creador?": "https://reader.islamhouse.com/read.php?id\u003d446022",
      "Los científicos y la religión": "https://reader.islamhouse.com/read.php?id\u003d446006",
      "Instinto, ciencia y religión": "https://reader.islamhouse.com/read.php?id\u003d446004",
      "La Tierra, un planeta viviente": "https://reader.islamhouse.com/read.php?id\u003d446002",
      "La cohesión social en el Islam": "https://reader.islamhouse.com/read.php?id\u003d445979",
      "El perdón de todos los pecados anteriores": "https://reader.islamhouse.com/read.php?id\u003d445971",
      "¿Cómo influenció la propagación del Islam en el desarrollo de la ciencia?": "https://reader.islamhouse.com/read.php?id\u003d445969",
      "Introducción a la ciencia islámica": "https://reader.islamhouse.com/read.php?id\u003d445959",
      "Lo que dicen sobre el Corán": "https://reader.islamhouse.com/read.php?id\u003d445951",
      "La naturaleza de la Revelación": "https://reader.islamhouse.com/read.php?id\u003d443599",
      "Noticias del Pasado": "https://reader.islamhouse.com/read.php?id\u003d443595",
      "La Peregrinación: sus virtudes y beneficios": "https://reader.islamhouse.com/read.php?id\u003d443589",
      "Virtudes de los primeros diez días del mes de la peregrinación": "https://reader.islamhouse.com/read.php?id\u003d443587",
      "Normas del Sacrificio Ritual del Cordero": "https://reader.islamhouse.com/read.php?id\u003d443585",
      "El Profeta y la poligamia": "https://reader.islamhouse.com/read.php?id\u003d443563",
      "Una breve biografía sobre las “Madres de los Creyentes”": "https://reader.islamhouse.com/read.php?id\u003d443561",
      "Los matrimonios del Profeta Muhammad": "https://reader.islamhouse.com/read.php?id\u003d443559",
      "Lo que dicen sobre Muhammad": "https://reader.islamhouse.com/read.php?id\u003d443553",
      "Acciones e intenciones": "https://reader.islamhouse.com/read.php?id\u003d443499",
      "La rectitud y el pecado": "https://reader.islamhouse.com/read.php?id\u003d443497",
      "El bahaísmo": "https://reader.islamhouse.com/read.php?id\u003d443483",
      "La mujer en el Islam: ¿Opresión o liberación?": "https://reader.islamhouse.com/read.php?id\u003d440476",
      "Por qué las Mujeres británicas están convirtiéndose al Islam": "https://reader.islamhouse.com/read.php?id\u003d440472",
      "¿Por qué visto el Hiyab?": "https://reader.islamhouse.com/read.php?id\u003d440470",
      "El concepto de igualdad de géneros en el Islam": "https://reader.islamhouse.com/read.php?id\u003d440468",
      "La circuncisión femenina en el Islam": "https://reader.islamhouse.com/read.php?id\u003d440466",
      "La Liberación de la Mujer a través del Islam": "https://reader.islamhouse.com/read.php?id\u003d440464",
      "La Poligamia en el judaísmo y el cristianismo": "https://reader.islamhouse.com/read.php?id\u003d440462",
      "la poligamia en el Islam": "https://d1.islamhouse.com/data/es/ih_articles/single/es_la_poligamia_en_el_Islam.pdf",
      "¿El Islam fue propagado por la espada?": "https://reader.islamhouse.com/read.php?id\u003d440229",
      "Los Colores Unidos del Islam": "https://reader.islamhouse.com/read.php?id\u003d440196",
      "El Islam en China": "https://reader.islamhouse.com/read.php?id\u003d440192",
      "La difusión del Islam en África Occidental": "https://reader.islamhouse.com/read.php?id\u003d440190",
      "El alfabetismo en el Islam": "https://reader.islamhouse.com/read.php?id\u003d440188",
      "Breve historia del Islam": "https://reader.islamhouse.com/read.php?id\u003d440186",
      "El estilo del Corán": "https://reader.islamhouse.com/read.php?id\u003d440084",
      "Piedad y maldad": "https://reader.islamhouse.com/read.php?id\u003d440082",
      "Es Muhammad el autor del Coran?": "https://reader.islamhouse.com/read.php?id\u003d439679",
      "La preservacion del Coran": "https://reader.islamhouse.com/read.php?id\u003d439677",
      "Comentarios de los científicos sobre los milagros científicos en el Sagrado Corán": "https://reader.islamhouse.com/read.php?id\u003d439544",
      "Lo que el Corán dice sobre los mares y ríos": "https://reader.islamhouse.com/read.php?id\u003d439542",
      "Lo que el Corán dice sobre las montañas": "https://reader.islamhouse.com/read.php?id\u003d439540",
      "El Corán y el desarrollo del embrión del ser humano": "https://d1.islamhouse.com/data/es/ih_articles/single/es_El_Coran_y_el_desarrollo_del_embrion_del_ser_humano.pdf",
      "¿Es el Corán antisemita?": "https://reader.islamhouse.com/read.php?id\u003d438918",
      "Las profecías sobre Muhámmad En la Biblia": "https://reader.islamhouse.com/read.php?id\u003d438871",
      "Los Milagros de Jesús": "https://reader.islamhouse.com/read.php?id\u003d438869",
      "El viaje al más allá": "https://reader.islamhouse.com/read.php?id\u003d438596",
      "Una Descripción del Fuego del Infierno": "https://reader.islamhouse.com/read.php?id\u003d438594",
      "La salvación del castigo del Fuego del Infierno": "https://reader.islamhouse.com/read.php?id\u003d438592",
      "Los Placeres del Paraíso": "https://reader.islamhouse.com/read.php?id\u003d438590",
      "Moralidad y ética en el Islam": "https://reader.islamhouse.com/read.php?id\u003d438588",
      "Manejar el dolor en el Islam": "https://reader.islamhouse.com/read.php?id\u003d438586",
      "Consideración con los vecinos": "https://reader.islamhouse.com/read.php?id\u003d435283",
      "Ética Islámica: Confiabilidad": "https://reader.islamhouse.com/read.php?id\u003d435279",
      "Ética Islámica: Humildad": "https://reader.islamhouse.com/read.php?id\u003d435276",
      "Ética Islámica: La honestidad": "https://reader.islamhouse.com/read.php?id\u003d435274",
      "Ética Islámica: La generosidad": "https://reader.islamhouse.com/read.php?id\u003d435272",
      "Ética Islámica: Altruismo": "https://reader.islamhouse.com/read.php?id\u003d435264",
      "¿Cómo es que los musulmanes tratan a los ancianos?": "https://reader.islamhouse.com/read.php?id\u003d435262",
      "Ética Islámica: Visitar a los enfermos": "https://reader.islamhouse.com/read.php?id\u003d435260",
      "Ética Islámica: la Sinceridad": "https://reader.islamhouse.com/read.php?id\u003d434219",
      "Ética Islámica: La Justicia": "https://reader.islamhouse.com/read.php?id\u003d434217",
      "Ética Islámica: El pudor": "https://reader.islamhouse.com/read.php?id\u003d434214",
      "Ética Islámica: la mentira": "https://reader.islamhouse.com/read.php?id\u003d434209",
      "El Ramadán termina... ¿Qué pasa ahora?": "https://reader.islamhouse.com/read.php?id\u003d433917",
      "El espíritu y Ramadán": "https://reader.islamhouse.com/read.php?id\u003d433915",
      "El Profeta en Ramadán": "https://reader.islamhouse.com/read.php?id\u003d433913",
      "Un Día y una Noche durante Ramadán": "https://reader.islamhouse.com/read.php?id\u003d433908",
      "Historias de una familia bendita": "https://reader.islamhouse.com/read.php?id\u003d433696",
      "La historia de José": "https://reader.islamhouse.com/read.php?id\u003d433690",
      "La historia del Profeta Job": "https://reader.islamhouse.com/read.php?id\u003d433472",
      "La historia del Profeta Hud": "https://reader.islamhouse.com/read.php?id\u003d433470",
      "El Profeta Saleh": "https://reader.islamhouse.com/read.php?id\u003d433468",
      "El Profeta Jonás": "https://reader.islamhouse.com/read.php?id\u003d433466",
      "La historia de Lot": "https://reader.islamhouse.com/read.php?id\u003d433464",
      "La historia de Noé": "https://reader.islamhouse.com/read.php?id\u003d433462",
      "Mi misericordia prevalece por sobre Mi ira": "https://reader.islamhouse.com/read.php?id\u003d433374",
      "La Misericordia divina de Dios": "https://reader.islamhouse.com/read.php?id\u003d433370",
      "¿Podemos ver a Dios?": "https://reader.islamhouse.com/read.php?id\u003d431680",
      "La Profecía en el Islam": "https://reader.islamhouse.com/read.php?id\u003d431643",
      "La Base del Islam": "https://reader.islamhouse.com/read.php?id\u003d431450",
      "Cuando los extraños confían en Al-láh": "https://reader.islamhouse.com/read.php?id\u003d428100",
      "¿Los milagros indican divinidad?": "https://d1.islamhouse.com/data/es/ih_articles/single/es_Los_milagros_indican_divinidad.pdf",
      "El Antiguo Testamento": "https://d1.islamhouse.com/data/es/ih_articles/single/es_El_Antiguo_Testamento.pdf",
      "El Nuevo Testamento": "https://d1.islamhouse.com/data/es/ih_articles/single/es_El_Nuevo_Testamento.pdf",
      "La justicia del Día del Juicio": "https://d1.islamhouse.com/data/es/ih_articles/single/es_La_justicia_del_Dia_del_Juicio.pdf",
      "¿Qué es una Mezquita?": "https://reader.islamhouse.com/read.php?id\u003d415339",
      "Reflexiones de la Shari’ah sobre la crisis económica mundial": "https://reader.islamhouse.com/read.php?id\u003d407735",
      "Cinco cualidades recomendadas por el profeta Muhammad": "https://reader.islamhouse.com/read.php?id\u003d407733",
      "Cómo el Profeta afrontó el problema del alcoholismo y la drogadicción": "https://reader.islamhouse.com/read.php?id\u003d407731",
      "¿Cómo les digo a mis familiares que me hice musulmán?": "https://reader.islamhouse.com/read.php?id\u003d407729",
      "La libertad de los esclavos emancipados en el Islam": "https://reader.islamhouse.com/read.php?id\u003d407727",
      "La visión islámica de la celebración de Halloween": "https://reader.islamhouse.com/read.php?id\u003d406219",
      "Las principales señales del día del Juicio Final": "https://reader.islamhouse.com/read.php?id\u003d406211",
      "Un diálogo teórico entre un musulmán y un cristiano en Internet": "https://reader.islamhouse.com/read.php?id\u003d398697",
      "La Kaba - La Casa Sagrada de Dios": "https://reader.islamhouse.com/read.php?id\u003d398693",
      "Cómo enseña el Islam a manejar la tristeza y la preocupación": "https://reader.islamhouse.com/read.php?id\u003d398689",
      "Cómo enseña el Islam a manejar el dolor": "https://reader.islamhouse.com/read.php?id\u003d398687",
      "Las cosas que no invalidan el ayuno": "https://reader.islamhouse.com/read.php?id\u003d397476",
      "Sobre las características de la Fitrah, dejar crecer la barba y cambiar las canas": "https://reader.islamhouse.com/read.php?id\u003d381013",
      "La justicia y sencillez del Islam": "https://reader.islamhouse.com/read.php?id\u003d381011",
      "La excelencia de la paciencia y sus tipos": "https://reader.islamhouse.com/read.php?id\u003d381009",
      "La hermandad en el Islam y algunos buenos modales": "https://reader.islamhouse.com/read.php?id\u003d381007",
      "Algunos modales Islámicos": "https://reader.islamhouse.com/read.php?id\u003d381005",
      "Ejemplos de los derechos del musulmán sobre su hermano musulmán": "https://reader.islamhouse.com/read.php?id\u003d381003",
      "La oración, la concentración en ella y la sabiduría detrás de su prescripción": "https://reader.islamhouse.com/read.php?id\u003d380882",
      "Recibiendo el mes de Ramadán, y las gracias que encierra": "https://reader.islamhouse.com/read.php?id\u003d380878",
      "losDiez Días de Dhul Hiyyah": "https://d1.islamhouse.com/data/es/ih_articles/single/es_Take_ten_of_Dhul_Hijjah.pdf",
      "Los bienes sobre los que hay que pagar el Zakat?": "https://reader.islamhouse.com/read.php?id\u003d368353",
      "Las virtudes de la lectura del Corán durante Ramadán": "https://reader.islamhouse.com/read.php?id\u003d368341",
      "Algunas prohibiciones del Ihram": "https://reader.islamhouse.com/read.php?id\u003d368339",
      "La oración del eclipse": "https://reader.islamhouse.com/read.php?id\u003d368337",
      "¡Hijo mío, sube al arca!": "https://reader.islamhouse.com/read.php?id\u003d340552",
      "El nacimiento del último profeta para la humanidad": "https://reader.islamhouse.com/read.php?id\u003d339016",
      "La historia de los jóvenes de la caverna": "https://reader.islamhouse.com/read.php?id\u003d339014",
      "Cómo ser de aquellos que tienen un corazón agradecido a Allah?": "https://reader.islamhouse.com/read.php?id\u003d338995",
      "Prepararse para el Juicio Final": "https://reader.islamhouse.com/read.php?id\u003d338993",
      "Cualidades del Profeta Muhammad": "https://reader.islamhouse.com/read.php?id\u003d338989",
      "Un año termina y otro comienza": "https://reader.islamhouse.com/read.php?id\u003d330884",
      "Si ella usa el Hiyab, usted ¿por qué no tiene barba?": "https://reader.islamhouse.com/read.php?id\u003d321533",
      "Qué súplicas registra la Sunnah que los padres pueden decir por su hijo cuando enferma": "https://reader.islamhouse.com/read.php?id\u003d263820",
      "Viaje a la eternidad": "https://d1.islamhouse.com/data/es/ih_articles/single/es_Viaje_a_la_eternidad.pdf",
      "El comercio más lucrativo": "https://d1.islamhouse.com/data/es/ih_articles/single/es_El_comercio_m_slucrativo.pdf",
      "Muhammad es el Mensajero de Alá": "https://d1.islamhouse.com/data/es/ih_articles/single/es_Muhammad_es_el_mensajero_de_Ala.pdf",
      "Asuntos prohibidos en el Islam": "https://d1.islamhouse.com/data/es/ih_articles/single/es_Asuntos_prohibidos_en_el_Islam.pdf",
      "Diversas reglas y beneficios": "https://d1.islamhouse.com/data/es/ih_articles/single/es_diversas_reglas_y_beneficios.pdf",
      "¿Por qué ayunan los musulmanes?": "https://reader.islamhouse.com/read.php?id\u003d232444",
      "Ramadán y el Ayuno": "https://reader.islamhouse.com/read.php?id\u003d232442",
      "Revelando el misterio del Jiyab": "https://d1.islamhouse.com/data/es/ih_articles/single/es_revelando_misterio_del_Jiyab.pdf",
      "Lo que dicen acerca del Profeta Muhammad": "https://d1.islamhouse.com/data/es/ih_articles/single/es_Lo_que_dicen_acerca_del_Profeta_Mujammad.pdf",
      "Malcom X de la oscuridad a la luz": "https://d1.islamhouse.com/data/es/ih_articles/single/es_malcom_x_de_la_oscuridad_la_luz.pdf",
      "¿Qué es la gripe porcina (A/H1N1)?": "https://reader.islamhouse.com/read.php?id\u003d223170",
      "Una gran mujer, Jadiyah bintu Juailid": "https://d1.islamhouse.com/data/es/ih_articles/single/es_khadija_bint_khuwaylid.pdf",
      "Peligros y consecuencias de la injusticia": "https://d1.islamhouse.com/data/es/ih_articles/single/es_consequences_injustice.pdf",
      "¿Quién inventó la trinidad?": "https://d1.islamhouse.com/data/es/ih_articles/single/es_who_invented_the_trinity.pdf",
      "Los momentos en los que se prohíbe rezar": "https://reader.islamhouse.com/read.php?id\u003d189375",
      "Las oraciones voluntarias (Salat At-Tatawu‘)": "https://reader.islamhouse.com/read.php?id\u003d189373",
      "La oración de aquellos que tienen justificaciones": "https://reader.islamhouse.com/read.php?id\u003d189369",
      "Veredictos legales relacionados con Al-Imamahv (oficio de Imám)": "https://reader.islamhouse.com/read.php?id\u003d189367",
      "Prosternación por equivocación u olvido": "https://reader.islamhouse.com/read.php?id\u003d189363",
      "Actos recomendados durante la oración": "https://reader.islamhouse.com/read.php?id\u003d189361",
      "Los deberes de la oración": "https://reader.islamhouse.com/read.php?id\u003d189358",
      "Los pilares de la oración": "https://reader.islamhouse.com/read.php?id\u003d189356",
      "Veredictos legales relacionados con la oración": "https://reader.islamhouse.com/read.php?id\u003d189354",
      "Requisitos para la realización de la oración": "https://reader.islamhouse.com/read.php?id\u003d189331",
      "Los horarios de las cinco oraciones obligatorias diarias": "https://reader.islamhouse.com/read.php?id\u003d189329",
      "El Adhán y el Iqámah": "https://reader.islamhouse.com/read.php?id\u003d189327",
      "Una Buena Vida": "https://reader.islamhouse.com/read.php?id\u003d180650",
      "Introducción al Corán": "https://reader.islamhouse.com/read.php?id\u003d153368",
      "Un enemigo se convierte en amigo": "https://reader.islamhouse.com/read.php?id\u003d153364",
      "Descripción del Fuego del Infierno 2": "https://reader.islamhouse.com/read.php?id\u003d153362",
      "Un Día y una Noche del mes de Ramadán": "https://reader.islamhouse.com/read.php?id\u003d153360",
      "Las estrategias de Shaitán para desviar al creyente": "https://reader.islamhouse.com/read.php?id\u003d132696",
      "100 maneras de poder apoyar a nuestro Profeta Muhámmad": "https://reader.islamhouse.com/read.php?id\u003d84072",
      "La menstruación y la hemorragia posparto": "https://reader.islamhouse.com/read.php?id\u003d79238",
      "La ablución seca (Taiammum)": "https://reader.islamhouse.com/read.php?id\u003d79236",
      "El baño (Al-Gusl)": "https://reader.islamhouse.com/read.php?id\u003d79234",
      "Frotarse los calcetines (Juff)": "https://reader.islamhouse.com/read.php?id\u003d79230",
      "La higiene personal (Sunan Al-Fitrah)": "https://reader.islamhouse.com/read.php?id\u003d79225",
      "La higienización luego de orinar o defecar": "https://reader.islamhouse.com/read.php?id\u003d79223",
      "Las virtudes de quienes se retiran a recordar a Allah y hacer súplicas": "https://reader.islamhouse.com/read.php?id\u003d76012",
      "50 formas de buscar la recompensa de Allah y el perdón de los pecados": "https://reader.islamhouse.com/read.php?id\u003d76010",
      "Las ofrendas (Al-Hadi, Al-Udhiah y Al-‘Aqiqah)": "https://reader.islamhouse.com/read.php?id\u003d75997",
      "Prescripciones relacionadas con la Peregrinación y la ‘Umrah": "https://reader.islamhouse.com/read.php?id\u003d75989",
      "Descripción de la Peregrinación": "https://reader.islamhouse.com/read.php?id\u003d73290",
      "Descripción de la ‘Umrah": "https://reader.islamhouse.com/read.php?id\u003d73285",
      "Modalidades de la Peregrinación (An-Nusuk)": "https://reader.islamhouse.com/read.php?id\u003d73283",
      "Fidiah": "https://reader.islamhouse.com/read.php?id\u003d73281",
      "INTRODUCCIÓN A LAS FUENTES DE LA LEGISLACIÓN ISLÁMICA": "https://reader.islamhouse.com/read.php?id\u003d73279",
      "Los referentes geográficos (Al Mawáqît)": "https://reader.islamhouse.com/read.php?id\u003d67240",
      "Definición de “Peregrinación (Hayy)”, su condición en la legislación islámica y sus virtudes": "https://reader.islamhouse.com/read.php?id\u003d67234",
      "El comportamiento ideal del musulmán : El musulmán y sus vecinos": "https://reader.islamhouse.com/read.php?id\u003d57409",
      "El comportamiento ideal del musulmán : El musulmán y sus parientes": "https://reader.islamhouse.com/read.php?id\u003d57407",
      "El comportamiento ideal del musulmán : El musulmán y sus hijos": "https://reader.islamhouse.com/read.php?id\u003d57405",
      "El comportamiento ideal del musulmán : El musulmán y el matrimonio": "https://reader.islamhouse.com/read.php?id\u003d57403",
      "El comportamiento ideal del musulmán : El musulmán y sus Padres": "https://reader.islamhouse.com/read.php?id\u003d57400",
      "El comportamiento ideal del musulmán : El musulmán y su Persona": "https://reader.islamhouse.com/read.php?id\u003d57398",
      "El comportamiento ideal del musulmán : El musulmán y su Señor": "https://reader.islamhouse.com/read.php?id\u003d57396",
      "Advertencia contra las Prohibiciones": "https://reader.islamhouse.com/read.php?id\u003d57394",
      "Los conceptos de igualdad y justicia en el Islam": "https://reader.islamhouse.com/read.php?id\u003d57384",
      "El amor devocional en el Islam": "https://reader.islamhouse.com/read.php?id\u003d57378",
      "Los modales del Musulmán": "https://reader.islamhouse.com/read.php?id\u003d57365",
      "La educación y buenos modales del musulmán": "https://reader.islamhouse.com/read.php?id\u003d57363",
      "Asuntos que anulan el ayuno 2": "https://d1.islamhouse.com/data/es/ih_articles/single/es_Things_Which_Invalidate_The_Fast.pdf",
      "Craig Robertson, ex católico, Canadá": "https://reader.islamhouse.com/read.php?id\u003d443602",
      "La tolerancia del Profeta hacia otras religiones": "https://reader.islamhouse.com/read.php?id\u003d439536",
      "La teología Paulina": "https://d1.islamhouse.com/data/es/ih_articles/single/es_La_teologia_Paulina.pdf",
      "La Historia del Corán": "https://reader.islamhouse.com/read.php?id\u003d398665"
    }
  }
}
