[
    {
        " El Corán narrado en español تلاوه القران الكريم مترجمه الى اللغه الاسبانية   ": "https://www.youtube.com/embed/X0qLbg0w10o"
    },
    {
        "1/5 El Islam es Explicación de las verdaderas enseñanzas del Islam en audio   ": "https://www.youtube.com/embed/th3SD_XUXqI"
    },
    {
        "2/5 El Islam es.. Explicación de las verdaderas enseñanzas del Islam en audio   ": "https://www.youtube.com/embed/_DY6uQNj8ds"
    },
    {
        "1/3 El Islam es.. Explicación de las verdaderas enseñanzas del Islam en audio   ": "https://www.youtube.com/embed/lGGv4X6KEBY"
    },
    {
        "4/5 El Islam es.. Explicación de las verdaderas enseñanzas del Islam en audio   ": "https://www.youtube.com/embed/Rj2neb7VU5Y"
    },
    {
        "5/5 El Islam es.. Explicación de las verdaderas enseñanzas del Islam en audio   ": "https://www.youtube.com/embed/TKrhNYD7JW0"
    },
    {
        "¿Cuál es la sabiduría del velo para las mujeres en el Islam?   ": "https://youtu.be/eGqAasGmFUQ"
    },
    {
        "️¿Quieres saber cómo puedes hacer que los genios no se acerquen a tu casa?   ": "https://youtu.be/DwsoTUywGLc"
    },
    {
        "Aprendamos el Idioma Árabe (nivel 1) CLASE 1, Profesor: Dr.Ahmad Abdo   ": "https://www.youtube.com/embed/4VqhExKrMEU"
    },
    {
        "Aprendamos el Idioma Árabe (nivel 1) CLASE 2, Profesor: Dr.Ahmad Abdo   ": "https://www.youtube.com/embed/kcm10dBWNec"
    },
    {
        "Curso de idioma árabe, Aprendamos el Idioma Árabe (nivel 1) CLASE 3, Profesor: Dr.Ahmad Abdo   ": "https://www.youtube.com/embed/2skOqj2VnLo"
    },
    {
        "Aprendamos el Idioma Árabe (nivel 1) CLASE 4, Profesor: Dr.Ahmad Abdo   ": "https://www.youtube.com/embed/AU0rhit9TGo"
    },
    {
        "Aprendamos el Idioma Árabe (nivel 1) CLASE 5, Profesor: Dr.Ahmad Abdo   ": "https://www.youtube.com/embed/aaNsxH8D_no"
    },
    {
        "Aprendamos el Idioma Árabe (nivel 1) CLASE 6, Profesor: Dr.Ahmad Abdo   ": "https://www.youtube.com/embed/4Z_EQOGNrJY"
    },
    {
        "Aprendamos el Idioma Árabe (nivel 1) CLASE 7, Profesor: Dr.Ahmad Abdo   ": "https://www.youtube.com/embed/h3YKnC1Ol7g"
    },
    {
        "Aprendamos el Idioma Árabe (nivel 1) CLASE 8   ": "https://www.youtube.com/embed/--OkhwtddYE"
    },
    {
        "Aprendamos el Idioma Árabe (nivel 1) CLASE 9   ": "https://www.youtube.com/embed/NMoFslONY7Y"
    },
    {
        "Aprendamos el Idioma Árabe (nivel 1) CLASE 10   ": "https://www.youtube.com/embed/Bzl2ZjnR_o4"
    },
    {
        "La Oración en el Islam- parte 1/ Al Salat / prof: Ahmad Abdo   ": "https://www.youtube.com/embed/uz48YOsNb7o"
    },
    {
        "La oración en el Islam parte 2/ prof: Ahmad Abdo   ": "https://www.youtube.com/embed/Zah7OKx6VGo"
    },
    {
        "La importancia de la oración en el Islam y sus virtudes   ": "https://www.youtube.com/embed/77j7y2_jV9k"
    },
    {
        "La oración del Eid en nuestros hogares. شرح بالإسبانية لكيفية صلاة العيد في البيت. Dr.Ahmad Abdo   ": "https://www.youtube.com/embed/EY6gCqHEKpg"
    },
    {
        "La Oración en el Islam- parte 3/ prof: Ahmad Abdo   ": "https://www.youtube.com/embed/IZGhzhT0sGI"
    },
    {
        "Salat al fayer (El amanecer) - La oración del Fayer - 2 Rakaa   ": "https://www.youtube.com/embed/B0OawUUPtt8"
    },
    {
        "Como realizar la ablución menor (al wudu) الوضوء   ": "https://www.youtube.com/embed/sUi6XfvOHUo"
    },
    {
        "Clase sobre La Oración Islámica- Dr. Ahmad Abdo ، الصلاة في الاسلام باللغة الاسبانية / د.أحمد عبده   ": "https://www.youtube.com/embed/B0INI2icVQg"
    },
    {
        "Salat Al Dhujur / Aser / Ishaa - son de 4 Rakaa cada uno   ": "https://www.youtube.com/embed/1Bs8RD_6gJM"
    },
    {
        "La Oración (Salat) - 2do curso intensivo Tawasul Venezuela   ": "https://www.youtube.com/embed/brY_Rt6st68"
    },
    {
        "La Purificacion (Al Wudu) 1/2 - 2do curso intensivo Tawasul Venezuela   ": "https://www.youtube.com/embed/xatVIwglHqA"
    },
    {
        "La Purificacion (Al Wudu) 2/2 - 2do curso intensivo Tawasul Venezuela   ": "https://www.youtube.com/embed/O4n5FLG1mMA"
    },
    {
        "La súplica es la adoración. Dr.Ahmad Abdo   ": "https://www.youtube.com/embed/J3HXuEBmjEw"
    },
    {
        "Prepararse para Ramadán   ": "https://youtu.be/2QOJ-NeC3P8"
    },
    {
        "Origen y causa de la idolatría   ": "https://youtu.be/00Pu3pcFn1s"
    },
    {
        "personalidad del musulman Lic. Sulaiman Zebib   ": "https://youtu.be/pYPFAI_du-Y"
    },
    {
        "No preocuparse por la vida mundana   ": "https://youtu.be/pig49i_qfvs"
    },
    {
        "Curso:  Los Pilares del Islam - Clase 2: Las condiciones de La Ilaha Ila Al-lah   ": "https://youtu.be/lbmnJShHHYg"
    },
    {
        "El profeta Muhammad (SAWS) nos extraña   ": "https://www.youtube.com/embed/Q1YeoHXcHVU"
    },
    {
        "personalidad del musulman   ": "https://youtu.be/V0dUSci8trI"
    },
    {
        "el musulman y sus parientes no musulmanes   ": "https://youtu.be/pWsFnE_W3LM"
    },
    {
        "personalidad del musulman parte 3   ": "https://youtu.be/w7I6Hmxu-Z0"
    },
    {
        "las tentaciones de la vida mundana   ": "https://youtu.be/Z7Y5Z62jZnU"
    },
    {
        "Derechos del Señor sobre Sus siervos 2   ": "https://youtu.be/F4LIpvpKz9w"
    },
    {
        "personalidad del musulman 2   ": "https://youtu.be/sr5XiZpFiXc"
    },
    {
        "Corán Sura 1 Al Fatihah ( La Apertura ) Español | Mishari Rashed Al Afasy   ": "https://youtu.be/4d8WVXH2p5c"
    },
    {
        "Qué hay después del arrepentimiento   ": "https://youtu.be/iA-62gB3cS8"
    },
    {
        "https://youtu.be/DKmHgiivxMI   ": "http://El arrepentimiento\" - Segunda parte "
    },
    {
        "️¿Qué dice el Islam sobre los adivinos, astrólogos y brujos?   ": "https://youtu.be/QZfqo1ce2Po"
    },
    {
        "Etapas de la vida! - Sheikh Suleyman Zebib   ": "https://www.youtube.com/embed/WuEBj-qF0eI"
    },
    {
        "¿Cómo podemos dejar de cometer pecados? Dr.Ahmad Abdo   ": "https://www.youtube.com/embed/qMu9_ZzgnHA"
    },
    {
        "Recordar la vida del Más allá y la realidad de la vida mundana   ": "https://www.youtube.com/embed/IFvEFY8t-Qs"
    },
    {
        "El Poder de la Súplica | Ash-Shifa Media | Profesor Hisham Ibn Abdusalam   ": "https://www.youtube.com/embed/Hvj3rvlg0qM"
    },
    {
        "La creencia en los Libros Sagrados - ¿Cómo sabemos que la biblia no es palabra de Al-lah?   ": "https://www.youtube.com/embed/rZyRtrw8TVQ"
    },
    {
        "La creencia en los Libros Sagrados - ¿Cómo sabemos que la biblia no es palabra de Al-lah? - 2   ": "https://www.youtube.com/embed/rTcCb6TjyOU"
    },
    {
        "La creencia en los Libros Sagrados- ¿Cómo sabemos que el Corán es Palabra de Al-lah? (Primera parte)   ": "https://www.youtube.com/embed/9fdn6NmY-JU"
    },
    {
        "La creencia en los Libros Sagrados- ¿Cómo sabemos que el Corán es Palabra de Al-lah? (Segunda parte)   ": "https://www.youtube.com/embed/FNlnat-FJPI"
    },
    {
        "La creencia en los Libros Sagrados- ¿Cómo sabemos que el Corán es Palabra de Al-lah? - Tercera parte   ": "https://www.youtube.com/embed/gu65f-EeTzE"
    },
    {
        "¿Qué es el Corán?- ¿Cómo fue revelado?- ¿Cómo no llegó?-¿Cuál es el deber del musulmán con el Corán?   ": "https://www.youtube.com/embed/ZGuPTiYxgF4"
    },
    {
        "Los pilares de la Fe   ": "https://www.youtube.com/embed/9MzTFylaTOA"
    },
    {
        "Los pilares de la Fe - la Creencia en Dios   ": "https://www.youtube.com/embed/b8Ati0Oe_nw"
    },
    {
        "Los pilares de la Fe - La creencia en Dios - Los argumentos de la xistencia de Dios   ": "https://www.youtube.com/embed/flmv4Zdp8DA"
    },
    {
        "Los pilares de la Fe - La creencia en Dios - Los argumentos de la xistencia de Dios 1   ": "https://www.youtube.com/embed/UgOD7ssKGfU"
    },
    {
        "Los pilares de la Fe La creencia en Dios Los argumentos de la xistencia de Dios 2   ": "https://www.youtube.com/embed/FCPzbzsbInY"
    },
    {
        "Los pilares de la Fe- La creencia en Dios- Los argumentos de la Existencia de Dios 3   ": "https://www.youtube.com/embed/_uMyUzzeGN0"
    },
    {
        "Los pilares de la Fe - La creencia en Dios - Los argumentos de la Existencia de Dios 4   ": "https://www.youtube.com/embed/qTIUjEoVClI"
    },
    {
        "Los pilares de la Fe - La creencia en Dios - Creer en su Soberanía Señorío   ": "https://www.youtube.com/embed/GklExDRdtfU"
    },
    {
        "Los pilares de la Fe - La creencia en Dios - Creer en su Divinidad Unicidad   ": "https://www.youtube.com/embed/qPco-ipa6ls"
    },
    {
        "Los pilares de la Fe - La creencia en Dios - Creer en su Divinidad - Unicidad  1   ": "https://www.youtube.com/embed/qkPEFmelbog"
    },
    {
        "Los pilares de la Fe - La creencia en Dios - (el politeísmo y su peligro   ": "https://www.youtube.com/embed/pjVO6kACuMA"
    },
    {
        "Los pilares de la Fe - Los factores que anulan el Islam   ": "https://www.youtube.com/embed/RG29AJ2K_jQ"
    },
    {
        "La vida mundana y la del más allá - primera parte    ": "https://www.youtube.com/embed/9Z6mpTNYQEQ"
    },
    {
        "La vida mundana y la del Más Allá - segunda parte   ": "https://www.youtube.com/embed/4PVVlOzrfVA"
    },
    {
        "Los musulmanes adoran a un dios diferente llamado Al-lah?    ": "https://www.youtube.com/embed/PnlZWBvMp-c"
    },
    {
        "Los pilares de la Fe - La creencia en Dios - Creer en sus Buenos Nombres y Atributos   ": "https://www.youtube.com/embed/lKlEz0x0IB4"
    },
    {
        "Los Buenos Nombres y Atributos de Al-lah en el Corán   ": "https://www.youtube.com/embed/9hDoo8oDoAw"
    },
    {
        "Los pilares de la Fe - La creencia en los Ángeles   ": "https://www.youtube.com/embed/ARocL1llOU0"
    },
    {
        "Los pilares de la Fe - La creencia en los Ángeles - segunda parte   ": "https://www.youtube.com/embed/-7Q3kCEutxY"
    },
    {
        "Los pilares de la Fe - La creencia en los Libros Sagrado   ": "https://www.youtube.com/embed/ZCicF9Mhcmg"
    },
    {
        "¿Qué es el Tawhid?   ¿Cuáles son sus tipos?   ": "https://youtu.be/jyBE5GxhtWY"
    },
    {
        "️¿Cuál es la sabiduría del velo para las mujeres en el Islam?  🔹️¿Cómo una mujer puede prepararse para ponerse el velo?  🔸️¿Quién puede verla sin el velo?  🔹️¿Qué condiciones debe cumplir    ": "https://youtu.be/eGqAasGmFUQ"
    },
    {
        "¿Cómo predicó el Islam con mis familiares Cuáles son los 4 consejos que puedo aplicar para hacer Dawah con mi familia?   ": "https://www.youtube.com/embed/VWnVbfOBlrk"
    },
    {
        "¿EL CORÁN FUE COPIADO DE LA BIBLIA?   ": "https://www.youtube.com/embed/Bt3y0KcfGZ8"
    },
    {
        "Iniciación al rezo Islámico || Salat || Por Sheij Mohammed   ": "https://www.youtube.com/embed/ksapzq0RcmM"
    },
    {
        "️¿Cuál es la diferencia entre los Shiaa y los otros musulmanes?  🔹️¿Quiénes son los musulmanes Sunna?  🔸️¿Cómo podemos salvarnos en el Día del Juicio final?    ": "https://youtu.be/CfTtkRUO2sI"
    },
    {
        "Cuáles son los derechos de los hijos en el Islam?  🔹️¿Cuál es el peligro de tratar a un hijo diferente del otro?  🔸️¿Cuál es la historia de Omar (RA) con el padre que reclamo de su hijo?   ": "https://youtu.be/uukvWQhlp3c"
    },
    {
        "JESÚS EN EL ISLAM   ": "https://www.youtube.com/embed/AHdDeXro46M"
    },
    {
        "Las virtudes de la abluciòn   ": "https://www.youtube.com/embed/hjoPo0RorOk"
    },
    {
        "Cuál es el pecado más grave para Allah?  🔹️¿Cómo se ha desarrollado el politeísmo a través de la historia?   ": "https://youtu.be/A_2i-2TtcV4"
    },
    {
        "¿Qué aprendemos de la historia del profeta Job (AS)?  ¿Cuál será la recompensa de los pacientes?   ": "https://youtu.be/3VHRpGSh2mk"
    },
    {
        "INTRODUCCION AL ISLAM   ": "https://www.youtube.com/embed/9y48XYlYhD0"
    },
    {
        "0:17 3:14 سورة الفاتحة Aprende a recitar Surat al Fatiha(Sura de la apertura)   ": "https://www.youtube.com/embed/RPR7D1q_0Lo"
    },
    {
        "Ruquia shar' iya en español   ": "https://www.youtube.com/embed/jSH7c4iVOpY"
    },
    {
        "︎¿Cuál es el propósito de las pruebas de Dios para los musulmanes y no musulmanes?  ▪︎¿Cómo Allah probó a los profetas y Mensajeros y porqué?   ": "https://youtu.be/ENkJkci19DQ"
    },
    {
        "Importancia de la Aqidah (Parte 1) | Ash-Shifa Media | Profesor Isa García   ": "https://www.youtube.com/embed/jGyEhBeJWos"
    },
    {
        "Importancia de la Aqidah (Parte 2) | Ash-Shifa Media | Profesor Isa García   ": "https://www.youtube.com/embed/TxA-8yuXzDY"
    },
    {
        "The Quran CURES you (Part 1) | Ash-Shifa Media | Teacher Hisham Ibn Abdusalam   ": "https://www.youtube.com/embed/ROahNDsfMZA"
    },
    {
        "Qué dice el Islam sobre el maltrato a los padres?  ▪︎¿Qué se considera maltrato hacia los padres?   ▪︎¿Qué aprendemos de la historia de Yuraish?   ": "https://youtu.be/9mHE34rvvvc"
    },
    {
        "1) ¿Debemos casarnos por el civil luego de casarnos en el Islam? ▪︎2) ¿Cuáles son los requisitos para casarse en el Islam? ▪︎3) ¿Existe alguna oración que me ayude a afirmar mi decisión antes   ": "https://youtu.be/8y0SSBNXXQk"
    },
    {
        "¿Cuáles son los derechos de los padres en el Islam?  ▪︎¿Qué aprendimos de la historia de kilab?  ▪︎¿Sí mis padres no son musulmanes cómo debe ser mi trato hacia ellos?   ▪︎¿Quién es la person   ": "https://youtu.be/VQChX7Z1RD4"
    },
    {
        "¿Qué es el Islam brevemente   ": "https://www.youtube.com/embed/26CMc0-8g2E"
    },
    {
        "Quien es Allah   ": "https://www.youtube.com/embed/ngzn3X5XPkg"
    },
    {
        "¿Qué es el Islam   ": "https://www.youtube.com/embed/Lz1em3kTyzA"
    },
    {
        "0 verdades sobre Jesús   ": "https://www.youtube.com/embed/nugjMimmqrU"
    },
    {
        "Jesús era musulmán!   ": "https://www.youtube.com/embed/EFZv8TxhM-A"
    },
    {
        "No deje que los medios que engañan   ": "https://www.youtube.com/embed/emJJdNk5YXM"
    },
    {
        "Dios a través de la historia   ": "https://www.youtube.com/embed/EjHb1gmAYX4"
    },
    {
        "Newton y la Trinidad   ": "https://www.youtube.com/embed/cU3f6hHXS-E"
    },
    {
        "¿En que tiempo está prohibido divorciar? ▪︎¿Despues del divorcio existe alguna oportunidad para regresar? ▪︎¿Cuál es la forma del divorcio? ▪︎¿Cuales son las razones para divorciarse?    ": "https://youtu.be/CHg8eQwDHK4"
    },
    {
        "︎¿En que tiempo está prohibido divorciar? ▪︎¿Despues del divorcio existe alguna oportunidad para regresar? ▪︎¿Cuál es la forma del divorcio?   ": "https://youtu.be/coRojJK6xRY"
    },
    {
        "Dios en el Islam , Judaísmo y Cristianismo desde sus respectivas fuentes   ": "https://www.youtube.com/embed/bk-IkPWfRVU"
    },
    {
        "¿Cuáles son los derechos entre los esposos en el Islam?   ▪︎¿Cuáles son los 10 consejos del Imam Ahmad bin hanbal para tener un matrimonio feliz y que perdure?   ": "https://www.youtube.com/embed/9cZ5P3n1qR8"
    },
    {
        "EL COMERCIO - SOY MUSULMÁN ¿AHORA QUE HAGO?   ": "https://www.youtube.com/embed/Vj6lV8J_Pi4"
    },
    {
        "Un solo mundo enfrentando el Corona   ": "https://www.youtube.com/embed/aNYL8HZhBPI"
    },
    {
        "Qué esta permitido y qué no está permitido durante las relaciones íntimas matrimoniales?   ": "https://www.youtube.com/embed/7VblQZ3fsLM"
    },
    {
        "Grandes ganancias   ": "https://www.youtube.com/embed/6t36XnqqaBQ"
    },
    {
        "¿Cómo estás con el Corán?   ": "https://www.youtube.com/embed/RBbWrpYALuE"
    },
    {
        "El extravío de los chiítas   ": "https://www.youtube.com/embed/PL4-awqejTKNg8tH-XlD3hJ2Zc890WzZzm"
    },
    {
        "︎¿Cómo es el compromiso matrimonial en el Islam?   ": "https://www.youtube.com/embed/CRLpmkCDryg"
    },
    {
        "Los musulmanes podemos tener perros y gatos en nuestras casas?   ": "https://www.youtube.com/embed/hjiPi0o0NoI"
    },
    {
        "Cómo orar en españo 1   ": "https://www.youtube.com/embed/0n9IqO6okPA"
    },
    {
        "Cómo orar en español  2   ": "https://www.youtube.com/embed/Hh5eWodJxDE"
    },
    {
        "Cuál es la diferencia entre los Shiaa y los otros musulmanes?   ": "https://www.youtube.com/embed/CfTtkRUO2sI"
    },
    {
        " Noche del decreto es mejor qué 1000 meses   ": "https://www.youtube.com/embed/yvaEj5fJSZ4"
    },
    {
        "Conferencia || La simplicidad del Islam   ": "https://www.youtube.com/embed/NRxoXqvvXWQ"
    },
    {
        "{Hadith} (1) Una súplica irrechazable   ": "https://www.youtube.com/embed/_LW7HedebTk"
    },
    {
        "Video con el titulo: Aláh nos pregunta: \"¿Acaso ya no es hora.....?\"   ": "https://www.youtube.com/embed/iL5osoejIWk"
    },
    {
        "El Profeta SAW nos cuenta una historia   ": "https://www.youtube.com/embed/F8P2B0ktfIg"
    },
    {
        "CÓMO HACER LA ABLUCIÓN (El Wudu) CORRECTAMENTE   ": "https://www.youtube.com/embed/e1RZW2tPthU"
    },
    {
        "Mi historia con el Islam , Emmanuel lares   ": "https://www.youtube.com/embed/qDzEwUqCh2U"
    },
    {
        " no se saturen con mucha información, aprendan poco a poco y aplican lo que aprenden   ": "https://www.youtube.com/embed/kd-HiEmxM2Y"
    },
    {
        "no se ponga frustrado   ": "https://www.youtube.com/embed/slZx3ixw4oU"
    },
    {
        "Vencer al ateísmo   ": "https://www.youtube.com/embed/PLVSHAfSGDA9iZwbg3NobU5mbWqe0hPIDB"
    },
    {
        "zikr (recordar a Aláh)   ": "https://www.youtube.com/embed/PLVSHAfSGDA9hl4zfa6z1YGgNnOHUGQB31"
    },
    {
        "El Monoteísmo Según El Islam Y El Cristianismo   ": "https://www.youtube.com/embed/7ytHCp2Czp0"
    },
    {
        "RESPUESTAS SOBRE EL ISLAM   ": "https://www.youtube.com/embed/Kz_UDa-56TQ"
    },
    {
        "ESCUCHASTE RECITAR EL SAGRADO CORAN ALGUNA VEZ?   ": "https://www.youtube.com/embed/y8l7tpBjb_Q"
    },
    {
        "Como realizar la oración      ": "https://www.youtube.com/embed/e1ts2xd22Vo"
    },
    {
        "40 Hadiz de La Virtud de  \"La ilaha ila Allah\"   ": "https://www.youtube.com/embed/5rOJZYGM5OU"
    },
    {
        "38 Los Derechos De La Mujer En El Islam Y Otras Civilizaciones   ": "https://www.youtube.com/embed/Hd3KwXrTBpI"
    },
    {
        "¿Qué es el ayuno? ¿Cómo tenemos que ayunar? ¿Qué anula el ayuno ? ¿Qué no anula el ayuno?   ": "https://www.youtube.com/embed/UlympIyTEOA"
    },
    {
        "FIQH 03 Clasificación de las normas legales islámicas   ": "https://www.youtube.com/embed/hxMgMO8xu7M"
    },
    {
        "FIQH 04 Quién es el experto en derecho islámico faqih   ": "https://www.youtube.com/embed/Pv8YP0JNpgU"
    },
    {
        "HADITH 01 Significado el término hadiṯ معنى الحديث   ": "https://www.youtube.com/embed/L5SQ5D5Hda0"
    },
    {
        "HADITH 02 Beneficios de estudiar el hadiṯ y su posición frente al Corán   ": "https://www.youtube.com/embed/0KtH5HA2pmU"
    },
    {
        " Las tres letras (Alif-Lam-Mim)   ": "https://www.youtube.com/embed/tzydF-z7TQ8"
    },
    {
        "Los nombres del Sagrado Corán: el Libro guía para los piadosos   ": "https://www.youtube.com/embed/yYZCypkmzR0"
    },
    {
        "¿Quiénes son los piadosos según el Corán?   ": "https://www.youtube.com/embed/dsWQeDddSJI"
    },
    {
        "¿Creen los musulmanes en otras revelaciones y en el más allá?   ": "https://www.youtube.com/embed/4jAobUHrz-M"
    },
    {
        "18 La caridad prescrita الزَّكاة   ": "https://www.youtube.com/embed/H6yahwm1BiM"
    },
    {
        "19 El ayuno الصَّومُ   ": "https://www.youtube.com/embed/gR6EDYbNQpM"
    },
    {
        "20 La peregrinación الحَّجُّ   ": "https://www.youtube.com/embed/rlo5R5cVTJo"
    },
    {
        "21 La creación y el Creador   ": "https://www.youtube.com/embed/Fktkf4GYDh4"
    },
    {
        "22 La Revelación   ": "https://www.youtube.com/embed/_oZqkIp4bpw"
    },
    {
        "23 Quién es Allah   ": "https://www.youtube.com/embed/Uctyil1-vBM"
    },
    {
        "24 Los profetas y mensajeros   ": "https://www.youtube.com/embed/oRsqEgVBRtQ"
    },
    {
        "25 El mensaje de los profetas   ": "https://www.youtube.com/embed/2gyylcqUlig"
    },
    {
        "26 Jesús en el Islam   ": "https://www.youtube.com/embed/xgWFLu3m0HU"
    },
    {
        "27 El profeta Muhammad   ": "https://www.youtube.com/embed/2ki1HChX8E8"
    },
    {
        "28 Qué es el Corán   ": "https://www.youtube.com/embed/2YANeMCUYOA"
    },
    {
        "29 El Corán, un libro milagroso   ": "https://www.youtube.com/embed/7gQGneqFPsI"
    },
    {
        "30 El estilo del sagrado Corán   ": "https://www.youtube.com/embed/1gpmTsjs7Fc"
    },
    {
        "31 La ciencia y religión en el Islam   ": "https://www.youtube.com/embed/GQ7XYSTTEa4"
    },
    {
        "32 La academia y el Islam   ": "https://www.youtube.com/embed/SqKaJ2SDJHo"
    },
    {
        "33 Significado del hijab   ": "https://www.youtube.com/embed/DmKarhQTsEM"
    },
    {
        "34 Qué es el hiyab   ": "https://www.youtube.com/embed/tZLh41Fooi0"
    },
    {
        "TAUHID 01 Qué significa la creencia ما معنى الإيمان   ": "https://www.youtube.com/embed/emX6LKT7Gog"
    },
    {
        "TAUHID 02 En qué consiste la fe en Allah ما هو الإيمان بالله   ": "https://www.youtube.com/embed/6C5AG1uVQn4"
    },
    {
        "TAUHID 04 Qué es la fe en los Libros Sagrados ماذا يعني الإيمان بالكتب   ": "https://www.youtube.com/embed/vWfuUeETxZk"
    },
    {
        "TAUHID 06 Qué significa la creencia en el último día الإيمان باليوم الآخر   ": "https://www.youtube.com/embed/eFj9NzVA-Lc"
    },
    {
        "TAUHID 07 Qué es la creencia en el decreto divino ما معنى الإيمان بالقدر   ": "https://www.youtube.com/embed/WmX0WQwzrZM"
    },
    {
        "TAUHID 08 Qué significa el buen obrar ما معنى الإحسان   ": "https://www.youtube.com/embed/O6cfFZ8E2Dg"
    },
    {
        "TAUHID 09 Quién es y Cómo conocemos a nuestro Señor وكيف نعرف ربَّنامَن ربُّنا   ": "https://www.youtube.com/embed/h3FssWvSsvQ"
    },
    {
        "TAUHID 10 Qué significa el Islam Cuáles son los principios del Islam ما هي أركان الإسلام ما هو   ": "https://www.youtube.com/embed/Q2ClU-2RMDM"
    },
    {
        "TAUHID 16 Qué significa el monoteísmo Cuáles son los tipos de Taūhīd ما معنى التوحيد وما هي أنواع   ": "https://www.youtube.com/embed/jyBE5GxhtWY"
    },
    {
        "TAUHID 17 Qué significa el taūhīd del señorío ما معنى توحيد الرُّبُوبِيَّةِ   ": "https://www.youtube.com/embed/ioW49Hfor5k"
    },
    {
        "TAUHID 18 Qué significa el taūhīd de la divinidad La sabiduría en la creación de los genios y los ho   ": "https://www.youtube.com/embed/GfDfJiTnU7I"
    },
    {
        "TAUHID 19 La creencia en los nombres y atributos divinos ما وجبنا اتجها أسماء الله وصفاته   ": "https://www.youtube.com/embed/KxAMyKPOQdI"
    },
    {
        "FIQH 01 Definición y contenido del derecho islámico fiqh   ": "https://www.youtube.com/embed/TYLNpfpzlYo"
    },
    {
        "FIQH 02 Utilidad Aprender y enseñar el derecho islámico fiqh   ": "https://www.youtube.com/embed/9FXPRlxaR8s"
    },
    {
        "01 Los términos Islam y Musulmán   ": "https://www.youtube.com/embed/FG7kEO7oLv4"
    },
    {
        "02 Prejuicios y verdades sobre el Islam   ": "https://www.youtube.com/embed/1l9qQAcXcSc"
    },
    {
        "03 Qué es el Islam   ": "https://www.youtube.com/embed/XBY8WXG9etM"
    },
    {
        "04 Qué es la fe y sus pilares   ": "https://www.youtube.com/embed/UobSMVUAk_M"
    },
    {
        "05 La creencia en la existencia de Allah   ": "https://www.youtube.com/embed/8_NfM5l6m50"
    },
    {
        "06 La creencia en Allah como Señor   ": "https://www.youtube.com/embed/xXwPqKYIZwA"
    },
    {
        "07 La creencia en la divinidad de Allah   ": "https://www.youtube.com/embed/aMLG6pWQVnI"
    },
    {
        "08 Los nombres y atributos divinos   ": "https://www.youtube.com/embed/AW3EPwJAyyE"
    },
    {
        "09 Los ángeles   ": "https://www.youtube.com/embed/dyAWfE6B3Ts"
    },
    {
        "10 Los nombres y las funciones de los ángeles   ": "https://www.youtube.com/embed/kVpahw90arY"
    },
    {
        "11 Los Libros Sagrados   ": "https://www.youtube.com/embed/zS-d8Qni3MY"
    },
    {
        "12 Los mensajeros   ": "https://www.youtube.com/embed/FaPx9ozi5KI"
    },
    {
        "13 El último día   ": "https://www.youtube.com/embed/mfr1QRpIJkg"
    },
    {
        "14 El decreto   ": "https://www.youtube.com/embed/moW3Jil92lc"
    },
    {
        "15 Los pilares del Islam أَركانُ الإسلامِ   ": "https://www.youtube.com/embed/A3HK_tkm2sU"
    },
    {
        "16 La declaración de fe الشَّهاَدَةُ   ": "https://www.youtube.com/embed/p5mfE8cKAYE"
    },
    {
        "17 La oración الصَّلاةُ   ": "https://www.youtube.com/embed/v5HYtUlykbw"
    },
    {
        "La strada per la sopravvivanza contro la panedemia COVID19 nel Medio Oriente   ": "https://www.youtube.com/embed/E7kV2CTaKOk"
    },
    {
        "El Corán Es La Palabra De Dios Allah Discurso Completo De Zakir Naik   ": "https://www.youtube.com/embed/zDxPJkNgjmk"
    },
    {
        "Cómo Tratar A Los No Musulmanes En La Sociedad No Musulmana Zakir Naik   ": "https://www.youtube.com/embed/Bn6Fh3klWl8 "
    },
    {
        "Qué Es El Islam Y Sus Mensajeros Zakir Naik   ": "https://www.youtube.com/embed/_aK_PXLFO-g"
    },
    {
        "El Concepto De Dios En El Parsismo O El Zoroastrismo Zakir Naik   ": "https://www.youtube.com/embed/f6LRcJENc20"
    },
    {
        "Cuál Es El Concepto De Dios En El Sijismo Zakir Naik   ": "https://www.youtube.com/embed/vQuyebrGyBY"
    },
    {
        "Cuál Es El Concepto De Dios En El Judaísmo Zakir Naik   ": "https://www.youtube.com/embed/lZJq6zPaob8"
    },
    {
        "Cuál Es El Concepto De Dios En El Hinduismo Zakir Naik   ": "https://www.youtube.com/embed/a-l7_guWb8w"
    },
    {
        "Cuál Es El Concepto De Dios En El Cristianismo Zakir Naik   ": "https://www.youtube.com/embed/KzAHSqsknOM"
    },
    {
        "Cómo Transmitir El Mensaje Del Islam A Los Turistas En Una Mezquita Zakir Naik   ": "https://www.youtube.com/embed/9jlXnEyZe4Y"
    },
    {
        "Por Qué El Ser Humano No Puede Ser Dios Según El Islam Zakir Naik   ": "https://www.youtube.com/embed/m671eQSrJfc"
    },
    {
        "Por Qué Dios Quiere Que Lo Alabemos Y Lo Adoremos   ": "https://www.youtube.com/embed/PIUBtpPUhG0"
    },
    {
        "Cuál Es El Propósito De Nuestra Vida Según El Corán Zakir Naik   ": "https://www.youtube.com/embed/37Sl54XTBmA"
    },
    {
        "Como Aprender A Rezar ( As'salat ) En Español, ( ISLAM )   ": "https://youtu.be/GoLwMwtvp6Y"
    },
    {
        "Aprender a rezar en el Islam (Salat) - Rezo con 2 Raka'a (Fajr - Oración del amanecer)   ": "https://youtu.be/xUmlq60bs74"
    },
    {
        "LA ORACION (08) LA ORACION DE LA MUJER   ": "https://www.youtube.com/embed/dxFYdnwX7QA"
    },
    {
        "Claves para el éxito en esta Vida y en la Otra   ": "https://www.youtube.com/embed/BoXXz35kizo"
    },
    {
        "Beneficios del Hadiz - 01   ": "https://www.youtube.com/embed/Bmyms-__T00"
    },
    {
        "Historias de los Sahaba - 01   ": "https://www.youtube.com/embed/pNRKSQoAwI0"
    },
    {
        "Pilares, obligaciones y sunnas del Hayy   ": "https://www.youtube.com/embed/EFArD9LEIOo"
    },
    {
        "La ablución   ": "https://www.youtube.com/embed/CVRybudAG_A"
    },
    {
        "Aqidah - 13   ": "https://www.youtube.com/embed/lBrObN19xD4"
    },
    {
        "Aqidah - 12   ": "https://www.youtube.com/embed/WUqoPJMrsDc"
    },
    {
        "Aqidah - 11   ": "https://www.youtube.com/embed/hiYCzAr4-TI"
    },
    {
        "Aqidah - 10   ": "https://www.youtube.com/embed/JYfo70rccU0"
    },
    {
        "Aqidah - 09   ": "https://www.youtube.com/embed/BX7b_JMw2B4"
    },
    {
        "Aqidah - 08   ": "https://www.youtube.com/embed/Ty0xjGdpO-s"
    },
    {
        "Aqidah - 06   ": "https://www.youtube.com/embed/j4WDIS3ci04"
    },
    {
        "Aqidah - 05   ": "https://www.youtube.com/embed/vyg9MOeDnnk"
    },
    {
        "Aqidah - 04   ": "https://www.youtube.com/embed/9Ikyyj0-yjc"
    },
    {
        "La noche del destino (Lailat ul Qadr)   ": "https://www.youtube.com/embed/0TYzRYFTVpw"
    },
    {
        "Virtudes del ayuno   ": "https://www.youtube.com/embed/kc9EpGNCuoA"
    },
    {
        "Aqidah - 03   ": "https://www.youtube.com/embed/4GCiQO1gs74"
    },
    {
        "Aqidah - 01   ": "https://www.youtube.com/embed/z7wX7OnalSg"
    },
    {
        "Los males de la lengua y los corazones envenenados   ": "https://www.youtube.com/embed/hf9jySE1m9k"
    },
    {
        "Siguiendo al Profeta   ": "https://www.youtube.com/embed/U7GRUfMMKcQ"
    },
    {
        "Mensaje para un Ateo   ": "https://www.youtube.com/embed/KUmtELqv4_A"
    },
    {
        "Condiciones para la validez de As-Sala   ": "https://www.youtube.com/embed/1i0qFm0cd7A"
    },
    {
        "Los dos rezos de 'id (salat ul 'id)   ": "https://www.youtube.com/embed/7yJhU_YOcnY"
    },
    {
        "Rezo del viernes (salat ul yumu'a)   ": "https://www.youtube.com/embed/diNcs2pHugY"
    },
    {
        "Salat ul yanaza (el rezo fúnebre)   ": "https://www.youtube.com/embed/F0HNRi_F9VM"
    },
    {
        "Principios islámicos para una convivencia pacífica en una sociedad pluralista   ": "https://www.youtube.com/embed/YxzsNpZSsX4"
    },
    {
        "Reforzando los lazos familiares   ": "https://www.youtube.com/embed/fFP0ZXF0nVY"
    },
    {
        "Breve descripción del Profeta Muhammad   ": "https://www.youtube.com/embed/N5WCkn_qx6Q"
    },
    {
        "La forma en que el Islam exalta y honra a la mujer   ": "https://www.youtube.com/embed/7zRC9-F3bBU"
    },
    {
        "El respeto hacia los padres   ": "https://www.youtube.com/embed/yRsBrgp2PqI"
    },
    {
        "Combatiendo la corrupción sexual   ": "https://www.youtube.com/embed/DdanItGh78c"
    },
    {
        "Ordenar el bien y prohibir el mal   ": "https://www.youtube.com/embed/dUrSQYNa8nw"
    },
    {
        "La misericordia como un valor humano   ": "https://www.youtube.com/embed/cJNOWw93jkA"
    },
    {
        "La vecindad y los derechos del vecino   ": "https://www.youtube.com/embed/VXl1tw9oWYM"
    },
    {
        "El Matrimonio en el Islam   ": "https://www.youtube.com/embed/xqrzmMQjzDs"
    },
    {
        "Consejos del Profeta para el nuevo musulmán   ": "https://www.youtube.com/embed/eke-61Fw1DQ"
    },
    {
        "Salat ul yama'a (El rezo en congregación)   ": "https://www.youtube.com/embed/IXlZ4q3hk2w"
    },
    {
        "Posición de As-Sala el Islam y su estatus en la Shari'a   ": "https://www.youtube.com/embed/hdQTMuxe0Zk"
    },
    {
        "Reglas legales del rezo   ": "https://www.youtube.com/embed/aqYgMMojVqM"
    },
    {
        "La Ud-hia   ": "https://www.youtube.com/embed/50vgg_9zn_4"
    },
    {
        "Descripción del Hayyy la 'Umra   ": "https://www.youtube.com/embed/rZXkOOwpgTc"
    },
    {
        "Historias de los Sahaba - 02   ": "https://www.youtube.com/embed/gfC6wGTC1D4"
    },
    {
        "Historias de los Sahaba - 03   ": "https://www.youtube.com/embed/b-VopLAorpo"
    },
    {
        "20 técnicas del Profeta para la educación - 11   ": "https://www.youtube.com/embed/C2YTrnkn7Yg"
    },
    {
        "20 técnicas del Profeta para la educación - 12   ": "https://www.youtube.com/embed/qGn8FAMvf38"
    },
    {
        "20 técnicas del Profeta para la educación - 13   ": "https://www.youtube.com/embed/is_1a8tLm7o"
    },
    {
        "Losbeneficiarios del Az-Zaka y su pago   ": "https://www.youtube.com/embed/H-8yb3DRfb0"
    },
    {
        "Beneficios del Hadiz - 02   ": "https://www.youtube.com/embed/W7cG5DSUch4"
    },
    {
        "Beneficios del Hadiz - 03   ": "https://www.youtube.com/embed/P82I-_aC5xc"
    },
    {
        "Beneficios del Hadiz - 04   ": "https://www.youtube.com/embed/g2Hh_fmvP1g"
    },
    {
        "El Temor de Allah   ": "https://www.youtube.com/embed/LDdze_3nbpw"
    },
    {
        "La sinceridad   ": "https://www.youtube.com/embed/GOZxzqfm1w0"
    },
    {
        "El arrepentimiento   ": "https://www.youtube.com/embed/NWR_4PPefpI"
    },
    {
        "LA ORACION (07) LA ORACION DEL ISHA   ": "https://www.youtube.com/embed/XzIVU83M53k"
    },
    {
        "LA ORACION (06) LA ORACION DEL MAGRIB   ": "https://www.youtube.com/embed/nJx2CNVm86s"
    },
    {
        "LA ORACION (05) LA ORACION DEL DHUHOR Y EL ASR   ": "https://www.youtube.com/embed/dnSohKgSlCk"
    },
    {
        "LA ORACION (04) LA ORACION DEL FAYR   ": "https://www.youtube.com/embed/04atBO1Q2pc"
    },
    {
        "LA ORACION (03) LA ABLUCIÓN   ": "https://www.youtube.com/embed/XvI2YI9ZgYU"
    },
    {
        "LA ORACION (02) LOS HORARIOS DE LAS ORACIONES   ": "https://www.youtube.com/embed/XaN70yfKqVQ"
    },
    {
        "LA ORACION (01) PRESENTACION DE LA ORACION   ": "https://www.youtube.com/embed/W9VAbnq2Ips"
    },
    {
        "La Identidad del Musulmán en Occidente. Derechos y obligaciones   ": "https://www.youtube.com/embed/35rDh-HQqYQ"
    },
    {
        "Perlas, enseñanzas y beneficios de la vida del Profeta Muhammad   ": "https://www.youtube.com/embed/UECh6CsZ3yY"
    },
    {
        "La etiqueta ante las diferencias   ": "https://www.youtube.com/embed/lV-Wjv_6W0Q"
    },
    {
        "Tafsir - Explicación del Corán Sura 18    ": "https://www.youtube.com/embed/P2n25mG9DYs"
    },
    {
        "¿Dónde buscar el conocimiento?   ": "https://www.youtube.com/embed/9B8WVYqd0aw"
    },
    {
        "La moderación   ": "https://www.youtube.com/embed/IDV0WK-jC-w"
    },
    {
        "Seminario sobre Aqidah teología islámica    ": "https://www.youtube.com/embed/pv1gvRJqEGs"
    },
    {
        "Seminario sobre Aqidah teología islámica - 2   ": "https://www.youtube.com/embed/YfT4LuqS8v4"
    },
    {
        "El desarrollo de la identidad del musulmán de habla hispana en Occidente   ": "https://www.youtube.com/embed/UPdbUdSlpto"
    },
    {
        "Reflexiones sobre la Dawa parte 1   ": "https://www.youtube.com/embed/ZAhuLaHcr0Q"
    },
    {
        "Reflexiones sobre la dawa parte 2   ": "https://www.youtube.com/embed/hrq35t_CpI4"
    },
    {
        "Sura La Caverna   ": "https://www.youtube.com/embed/nO52R8RljHM"
    },
    {
        "Aqidah - 02   ": "https://www.youtube.com/embed/jZfTyh1SE94"
    },
    {
        "5 Pasos para volverse Musulman   ": "https://www.youtube.com/embed/v0yhny4jySM"
    },
    {
        "Existe Dios?   ": "https://www.youtube.com/embed/Nu8F0JfZcH0"
    }
]