[
    {
        "Quran Surah 1 Al-Fatihah": "https://www.youtube.com/embed/4d8WVXH2p5c"
    },
    {
        "Quran Surah 2 Al-Baqarah": "https://www.youtube.com/embed/cuuWTkED1eE"
    },
    {
        "Quran Surah 3 Al-Imran ": "https://www.youtube.com/embed/TnRdgm-A0Q0"
    },
    {
        "Quran Surah 4 An-Nisa ": "https://www.youtube.com/embed/9d-kC3Sefek"
    },
    {
        "Quran Surah 5 Al-Maidah": "https://www.youtube.com/embed/45jKQ8yolDU"
    },
    {
        "Quran Surah 6 Al-Anam": "https://www.youtube.com/embed/cKcEjGPj7NI"
    },
    {
        "Quran Surah 7 Al-Araf": "https://www.youtube.com/embed/WO10d1lMkMQ"
    },
    {
        "Quran Surah 8 Al-Anfal": "https://www.youtube.com/embed/uUsZ52FhpAY"
    },
    {
        "Quran Surah 9 At-Taubah ": "https://www.youtube.com/embed/BrVcISI5pPs"
    },
    {
        "Quran Surah 10 Yunus": "https://www.youtube.com/embed/24rD38lH7pE"
    },
    {
        "Quran Surah 11 Hud": "https://www.youtube.com/embed/xut_AlMc-aA"
    },
    {
        "Quran Surah 12 Yusuf": "https://www.youtube.com/embed/Gc0rghQLzzc"
    },
    {
        "Quran Surah 13 Ar-Rad": "https://www.youtube.com/embed/nuTOVGYLNVA"
    },
    {
        "Quran Surah 14 Ibrahim": "https://www.youtube.com/embed/iLl-HU9oILk"
    },
    {
        "Quran Surah 15 Al-Hijr ": "https://www.youtube.com/embed/7dG04e9n4XI"
    },
    {
        "Quran Surah 16 An-Nahl": "https://www.youtube.com/embed/rvQx48j55FQ"
    },
    {
        "Quran Surah 17 Al-Isra ": "https://www.youtube.com/embed/LEU9Di3dKDk"
    },
    {
        "Quran Surah 18 Al-Kahf ": "https://www.youtube.com/embed/e5gdjD9tLrY"
    },
    {
        "Quran Surah 19 Maryam": "https://www.youtube.com/embed/tOqwCBemR7s"
    },
    {
        "Quran Surah 20 Taha": "https://www.youtube.com/embed/r6pxzvN_fCY"
    },
    {
        "Quran Surah 21 Al-Anbiya": "https://www.youtube.com/embed/T3MOdwlYnrE"
    },
    {
        "Quran Surah 22 Al-Hajj ": "https://www.youtube.com/embed/IPCVONzsnWA"
    },
    {
        "Quran Surah 23 Al-Muminoon ": "https://www.youtube.com/embed/EqlFxBcaGMY"
    },
    {
        "Quran Surah 24 An-Noor ": "https://www.youtube.com/embed/2vTAQI41d1w"
    },
    {
        "Quran Surah 25 Al-Furqan": "https://www.youtube.com/embed/_JlYLka97l0"
    },
    {
        "Quran Surah 26 Ash-Shuara": "https://www.youtube.com/embed/2x0h-kDpb-k"
    },
    {
        "Quran Surah 27 An-Naml": "https://www.youtube.com/embed/HQdLjMkmIyk"
    },
    {
        "Quran Surah 28 Al-Qasas": "https://www.youtube.com/embed/6olhW-8wkAE"
    },
    {
        "Quran Surah 29 Al-Ankaboot": "https://www.youtube.com/embed/2FqJTIP-Tv0"
    },
    {
        "Quran Surah 30 Ar-Room ": "https://www.youtube.com/embed/hwNU6bIO9CQ"
    },
    {
        "Quran Surah 31 Luqman ": "https://www.youtube.com/embed/y20uxEGhMTM"
    },
    {
        "Quran Surah 32 As-Sajdah": "https://www.youtube.com/embed/eIBJE_wWL00"
    },
    {
        "Quran Surah 33 Al-Ahzab": "https://www.youtube.com/embed/nTuygllBXNU"
    },
    {
        "Quran Surah 34 Saba": "https://www.youtube.com/embed/BfmWQWnRgyY"
    },
    {
        "Quran Surah 35 Fatir ": "https://www.youtube.com/embed/TiUermVLaFY"
    },
    {
        "Quran Surah 36 Ya-Seen": "https://www.youtube.com/embed/xo2oHdHNl6M"
    },
    {
        "Quran Surah 37 As-Saaffat ": "https://www.youtube.com/embed/MZ95nafq1Xg"
    },
    {
        "Quran Surah 38 Sad ": "https://www.youtube.com/embed/XKCooEyKbk4"
    },
    {
        "Quran Surah 39 Az-Zumar": "https://www.youtube.com/embed/407JrRDRP-4"
    },
    {
        "Quran Surah 40 Ghafir": "https://www.youtube.com/embed/ZD0La89_6vQ"
    },
    {
        "Quran Surah 41 Fussilat": "https://www.youtube.com/embed/A_1NCkfTDH8"
    },
    {
        "Quran Surah 42 Ash-Shura": "https://www.youtube.com/embed/K2pvteMrSOk"
    },
    {
        "Quran Surah 43 Az-Zukhruf": "https://www.youtube.com/embed/7X82eD4JegM"
    },
    {
        "Quran Surah 44 Ad-Dukhan ": "https://www.youtube.com/embed/N7ul52PFKh4"
    },
    {
        "Quran Surah 45 Al-Jathiya": "https://www.youtube.com/embed/pnLp5tDPMBI"
    },
    {
        "Quran Surah 46 Al-Ahqaf ": "https://www.youtube.com/embed/WLJ1voRw42o"
    },
    {
        "Quran Surah 47 Muhammad ": "https://www.youtube.com/embed/VxTODnFfsKA"
    },
    {
        "Quran Surah 48 Al-Fath": "https://www.youtube.com/embed/W1vKgszvSdA"
    },
    {
        "Quran Surah 49 Al-Hujurat ": "https://www.youtube.com/embed/Z2c8gdOoW3U"
    },
    {
        "Quran Surah 50 Qaf": "https://www.youtube.com/embed/MVRM8hlCOA0"
    },
    {
        "Quran Surah 51 Adh-Dhariyat": "https://www.youtube.com/embed/zKtwC1xXYxQ"
    },
    {
        "Quran Surah 52 At-Tur": "https://www.youtube.com/embed/O-95lnGTHMg"
    },
    {
        "Quran Surah 53 An-Najm ": "https://www.youtube.com/embed/IHORrYIqWS4"
    },
    {
        "Quran Surah 54 Al-Qamar": "https://www.youtube.com/embed/Wrrn7FcBoqg"
    },
    {
        "Quran Surah 55 Ar-Rahman ": "https://www.youtube.com/embed/gd6o_4ZzNO0"
    },
    {
        "Quran Surah 56 Al-Waqiah": "https://www.youtube.com/embed/N0agbpQ-_Ug"
    },
    {
        "Quran Surah 57 Al-Hadid ": "https://www.youtube.com/embed/sKEIXBKrSDk"
    },
    {
        "Quran Surah 58 Al-Mujadilah ": "https://www.youtube.com/embed/fovyDCdgYfg"
    },
    {
        "Quran Surah 59 Al-Hashr ": "https://www.youtube.com/embed/DSfWqdIrT9M"
    },
    {
        "Quran Surah 60 Al-Mumtahanah ": "https://www.youtube.com/embed/aHF4wYnjGdQ"
    },
    {
        "Quran Surah 61 As-Saff": "https://www.youtube.com/embed/4qOTi0yKAwQ"
    },
    {
        "Quran Surah 62 Al-Jumuah ": "https://www.youtube.com/embed/pxsJNbaxXxw"
    },
    {
        "Quran Surah 63 Al-Munafiqoon": "https://www.youtube.com/embed/aD3_ThaYj4A"
    },
    {
        "Quran Surah 64 At-Taghabun ": "https://www.youtube.com/embed/Ip_-N1sR5rE"
    },
    {
        "Quran Surah 65 At-Talaq": "https://www.youtube.com/embed/tP8ALMsIGeI"
    },
    {
        "Quran Surah 66 At-Tahrim ": "https://www.youtube.com/embed/OxLm-jTWm_o"
    },
    {
        "Quran Surah 67 Al-Mulk": "https://www.youtube.com/embed/xDM5VxdOZBI"
    },
    {
        "Quran Surah 68 Al-Qalam ": "https://www.youtube.com/embed/jBkphvxF2oU"
    },
    {
        "Quran Surah 69 Al-Haaqqah": "https://www.youtube.com/embed/b5WNO8-ctPc"
    },
    {
        "Quran Surah 70 Al-Maarij ": "https://www.youtube.com/embed/jjjqFYGlDks"
    },
    {
        "Quran Surah 71 Nooh ": "https://www.youtube.com/embed/cNd46ucUAbI"
    },
    {
        "Quran Surah 72 Al-Jinn ": "https://www.youtube.com/embed/zLgEmTYOdD4"
    },
    {
        "Quran Surah 73 Al-Muzzammil ": "https://www.youtube.com/embed/LdTDrVwsE88"
    },
    {
        "Quran Surah 74 Al-Muddaththir ": "https://www.youtube.com/embed/SR8JLGyCBSg"
    },
    {
        "Quran Surah 75 Al-Qiyamah": "https://www.youtube.com/embed/XEjTDnzia5U"
    },
    {
        "Quran Surah 76 Al-Insan": "https://www.youtube.com/embed/WlYS5ygt0D4"
    },
    {
        "Quran Surah 77 Al-Mursalat": "https://www.youtube.com/embed/C_CoKKLLzvg"
    },
    {
        "Quran Surah 78 An-Naba": "https://www.youtube.com/embed/wzzA5sA7GGc"
    },
    {
        "Quran Surah 79 An-Naziat ": "https://www.youtube.com/embed/Gd8Fy5u0ovo"
    },
    {
        "Quran Surah 80 Abasa": "https://www.youtube.com/embed/h1kNCipNw8k"
    },
    {
        "Quran Surah 83 Al-Mutaffifin ": "https://www.youtube.com/embed/A78HyhT3ywY"
    },
    {
        "Quran Surah 84 Al-Inshiqaq": "https://www.youtube.com/embed/GIiMq38S25U"
    },
    {
        "Quran Surah 85 Al-Burooj ": "https://www.youtube.com/embed/cyXiMWRCQ7s"
    },
    {
        "Quran Surah 86 At-Tariq": "https://www.youtube.com/embed/PLXtmfFxMFI"
    },
    {
        "Quran Surah 87 Al-Ala": "https://www.youtube.com/embed/_tjTACecGyA"
    },
    {
        "Quran Surah 88 Al-Ghashiya": "https://www.youtube.com/embed/Y68Kz96ZWEs"
    },
    {
        "Quran Surah 89 Al-Fajr": "https://www.youtube.com/embed/D9vfhGl3vk0"
    },
    {
        "Quran Surah 90 Al-Balad": "https://www.youtube.com/embed/QS_ZNTRFGvs"
    },
    {
        "Quran Surah 91 Ash-Shams": "https://www.youtube.com/embed/zsQWKzUbnKw"
    },
    {
        "Quran Surah 92 Al-Layl": "https://www.youtube.com/embed/gihEjXPi9JU"
    },
    {
        "Quran Surah 93 Ad-Dhuha ": "https://www.youtube.com/embed/DkZAvB4k1k4"
    },
    {
        "Quran Surah 94 As-Sharh": "https://www.youtube.com/embed/HEIqezbO7KY"
    },
    {
        "Quran Surah 95 At-Tin ": "https://www.youtube.com/embed/8sekvCsEwWk"
    },
    {
        "Quran Surah 97 Al-Qadr": "https://www.youtube.com/embed/2xmjXvEZyhk"
    },
    {
        "Quran Surah 98 Al-Bayyinah ": "https://www.youtube.com/embed/NgxLaCP1oIM"
    },
    {
        "Quran Surah 99 Az-Zalzalah": "https://www.youtube.com/embed/hZkVsW35fTA"
    },
    {
        " Quran Surah 100 Al-Adiyat ": "https://www.youtube.com/embed/bA7-D6BucK8"
    },
    {
        "Quran Surah 101 Al-Qariah": "https://www.youtube.com/embed/Lyi_u_Rkd4I"
    },
    {
        "Quran Surah 102 At-Takathur ": "https://www.youtube.com/embed/uqmrysqohWg"
    },
    {
        "Quran Surah 103 Al-Asr": "https://www.youtube.com/embed/fdHq6Hw8Zk0"
    },
    {
        "Quran Surah 104 Al-Humazah ": "https://www.youtube.com/embed/TrTUCjOmd0w"
    },
    {
        "Quran: 105. Surah Al-Fil": "https://www.youtube.com/embed/_o5yocROGxw"
    },
    {
        "Quran Surah 106 Quraish": "https://www.youtube.com/embed/nW8b8UTTzVI"
    },
    {
        "Quran Surah 107 Al-Maun ": "https://www.youtube.com/embed/rli8XOFj-yU"
    },
    {
        "Quran Surah 108 Al-Kauther ": "https://www.youtube.com/embed/75RlJCYIxgc"
    },
    {
        "Quran Surah 109 Al-Kafiroon": "https://www.youtube.com/embed/SazA3Ctp3rA"
    },
    {
        "Quran Surah 110 An-Nasr": "https://www.youtube.com/embed/rgXhyA_dK4M"
    },
    {
        "Quran Surah 111 Al-Masad": "https://www.youtube.com/embed/LIIY2XFyVL0"
    },
    {
        "Quran Surah 112 Al-Ikhlas": "https://www.youtube.com/embed/_rtsV4eLwGc"
    },
    {
        "Quran Surah 113 Al-Falaq": "https://www.youtube.com/embed/JTRDqJju5tc"
    },
    {
        "Quran Surah 114 An-Nas": "https://www.youtube.com/embed/0G4xmnd7mU0"
    }
]