{
   "El Corán Sagrado ": {
      "Traducción de los significados del Corán": {
         "Traducción de los significados del Corán ": "El siguiente contenido no está afiliado al sitio original (no official) .\n Más bien, es mediante la clonación  con web scraping \npara permitir la navegación sin conexión en todos los sitios para adaptarse a los hermanos que no tienen Internet continuo.\n También para facilitar el proceso de búsqueda en todos los sitios en una sola plataforma y facilitar la copia rápida.\n Nota: El contenido no incluye las imágenes, videos o audio originales que se encuentran en los sitios, \n\n Si desea explorar los materiales originales de la fuente,  navegar al sitio original :\n\nhttps://quran.com/"
      }
   },
   "Los nobles Hadices": {
      "Hadith ": {
         "Dichos del Profeta ﷺ (La Segunda Revelación)": "El siguiente contenido no está afiliado al sitio original (no official) .\n Más bien, es mediante la clonación  con web scraping \npara permitir la navegación sin conexión en todos los sitios para adaptarse a los hermanos que no tienen Internet continuo.\n También para facilitar el proceso de búsqueda en todos los sitios en una sola plataforma y facilitar la copia rápida.\n Nota: El contenido no incluye las imágenes, videos o audio originales que se encuentran en los sitios, \n\n Si desea explorar los materiales originales de la fuente,  navegar al sitio original :\n\nhttps://www.La-sunnah.com\n\nhttps://www.Hadithenc.com"
      }
   },
   "Equipaje del nuevo musulmán": {
      "La fe islámica": {
         "El primer pilar del Islam ": "El siguiente contenido no está afiliado al sitio original (no official) .\n Más bien, es mediante la clonación  con web scraping \npara permitir la navegación sin conexión en todos los sitios para adaptarse a los hermanos que no tienen Internet continuo.\n También para facilitar el proceso de búsqueda en todos los sitios en una sola plataforma y facilitar la copia rápida.\n Nota: El contenido no incluye las imágenes, videos o audio originales que se encuentran en los sitios, \n\n Si desea explorar los materiales originales de la fuente,  navegar al sitio original :\n\nnewmuslimguide.com"
      },
      "Pureza y las 5 oraciones": {
         "El segundo pilar del Islam ": "El siguiente contenido no está afiliado al sitio original (no official) .\n Más bien, es mediante la clonación  con web scraping \npara permitir la navegación sin conexión en todos los sitios para adaptarse a los hermanos que no tienen Internet continuo.\n También para facilitar el proceso de búsqueda en todos los sitios en una sola plataforma y facilitar la copia rápida.\n Nota: El contenido no incluye las imágenes, videos o audio originales que se encuentran en los sitios, \n\n Si desea explorar los materiales originales de la fuente,  navegar al sitio original :\n\nAl-feqh.com y otros"
      },
      "Ayunar, Zakat, Peregrinaje": {
         "El resto de los pilares del Islam": "El siguiente contenido no está afiliado al sitio original (no official) .\n Más bien, es mediante la clonación  con web scraping \npara permitir la navegación sin conexión en todos los sitios para adaptarse a los hermanos que no tienen Internet continuo.\n También para facilitar el proceso de búsqueda en todos los sitios en una sola plataforma y facilitar la copia rápida.\n Nota: El contenido no incluye las imágenes, videos o audio originales que se encuentran en los sitios, \n\n Si desea explorar los materiales originales de la fuente,  navegar al sitio original :\n\nAl-feqh.com"
      },
      "El día del nuevo musulmán.": {
         "Nuevas costumbres del musulmán ": "El siguiente contenido no está afiliado al sitio original (no official) .\n Más bien, es mediante la clonación  con web scraping \npara permitir la navegación sin conexión en todos los sitios para adaptarse a los hermanos que no tienen Internet continuo.\n También para facilitar el proceso de búsqueda en todos los sitios en una sola plataforma y facilitar la copia rápida.\n Nota: El contenido no incluye las imágenes, videos o audio originales que se encuentran en los sitios, \n\n Si desea explorar los materiales originales de la fuente,  navegar al sitio original :\n\nnewmuslimguide.com"
      },
      "Moral y vida del nuevo musulmán.": {
         "Musulmán como debería ser": "El siguiente contenido no está afiliado al sitio original (no official) .\n Más bien, es mediante la clonación  con web scraping \npara permitir la navegación sin conexión en todos los sitios para adaptarse a los hermanos que no tienen Internet continuo.\n También para facilitar el proceso de búsqueda en todos los sitios en una sola plataforma y facilitar la copia rápida.\n Nota: El contenido no incluye las imágenes, videos o audio originales que se encuentran en los sitios, \n\n Si desea explorar los materiales originales de la fuente,  navegar al sitio original :\n\nnewmuslimguide.com y otros"
      },
      "Biografía del profeta Muhámmad": {
         "La Sunnah del Profeta y las sectas corruptas que la contradicen ": "El siguiente contenido no está afiliado al sitio original (no official) .\n Más bien, es mediante la clonación  con web scraping \npara permitir la navegación sin conexión en todos los sitios para adaptarse a los hermanos que no tienen Internet continuo.\n También para facilitar el proceso de búsqueda en todos los sitios en una sola plataforma y facilitar la copia rápida.\n Nota: El contenido no incluye las imágenes, videos o audio originales que se encuentran en los sitios, \n\n Si desea explorar los materiales originales de la fuente,  navegar al sitio original :\n\n"
      },
      "Mezquitas y centros islámicos": {
         "Lista de mezquitas por país ": "El siguiente contenido no está afiliado al sitio original (no official) .\n Más bien, es mediante la clonación  con web scraping \npara permitir la navegación sin conexión en todos los sitios para adaptarse a los hermanos que no tienen Internet continuo.\n También para facilitar el proceso de búsqueda en todos los sitios en una sola plataforma y facilitar la copia rápida.\n Nota: El contenido no incluye las imágenes, videos o audio originales que se encuentran en los sitios, \n\n Si desea explorar los materiales originales de la fuente,  navegar al sitio original :\n\nislammessage.org/sp/centers"
      },
      "Escuela para el nuevo musulmán": {
         "Un plan de estudios integral para el nuevo musulmán\n ": "El siguiente contenido no está afiliado al sitio original (no official) .\n Más bien, es mediante la clonación  con web scraping \npara permitir la navegación sin conexión en todos los sitios para adaptarse a los hermanos que no tienen Internet continuo.\n También para facilitar el proceso de búsqueda en todos los sitios en una sola plataforma y facilitar la copia rápida.\n Nota: El contenido no incluye las imágenes, videos o audio originales que se encuentran en los sitios, \n\n Si desea explorar los materiales originales de la fuente,  navegar al sitio original :\n\nnewmuslims.com"
      },
      "Azkar y Do'aa": {
         "Las Súplicas diarias ": "El siguiente contenido no está afiliado al sitio original (no official) .\n Más bien, es mediante la clonación  con web scraping \npara permitir la navegación sin conexión en todos los sitios para adaptarse a los hermanos que no tienen Internet continuo.\n También para facilitar el proceso de búsqueda en todos los sitios en una sola plataforma y facilitar la copia rápida.\n Nota: El contenido no incluye las imágenes, videos o audio originales que se encuentran en los sitios, \n\n Si desea explorar los materiales originales de la fuente,  navegar al sitio original :\n\nhttps://arabia-it.com\n\nhttps://doa.eqtidaa.com/"
      }
   },
   "La educación avanzada": {
      "Enciclopedias islámicas": {
         "Islam House (Casa del Islam)": {
            "Contenido islámico integrado": "El siguiente contenido no está afiliado al sitio original (no official) .\n Más bien, es mediante la clonación  con web scraping \npara permitir la navegación sin conexión en todos los sitios para adaptarse a los hermanos que no tienen Internet continuo.\n También para facilitar el proceso de búsqueda en todos los sitios en una sola plataforma y facilitar la copia rápida.\n Nota: El contenido no incluye las imágenes, videos o audio originales que se encuentran en los sitios, \n\n Si desea explorar los materiales originales de la fuente,  navegar al sitio original :\n\nhttp://www.Islamhouse.com"
         },
         "Islam Land (Tierra del Islam)": {
            "Contenido islámico integrado ": "El siguiente contenido no está afiliado al sitio original (no official) .\n Más bien, es mediante la clonación  con web scraping \npara permitir la navegación sin conexión en todos los sitios para adaptarse a los hermanos que no tienen Internet continuo.\n También para facilitar el proceso de búsqueda en todos los sitios en una sola plataforma y facilitar la copia rápida.\n Nota: El contenido no incluye las imágenes, videos o audio originales que se encuentran en los sitios, \n\n Si desea explorar los materiales originales de la fuente,  navegar al sitio original :\n\nhttp://www.Islamland.com"
         },
         "Islam Religion": {
            "Contenido islámico integrado ": "El siguiente contenido no está afiliado al sitio original (no official) .\n Más bien, es mediante la clonación  con web scraping \npara permitir la navegación sin conexión en todos los sitios para adaptarse a los hermanos que no tienen Internet continuo.\n También para facilitar el proceso de búsqueda en todos los sitios en una sola plataforma y facilitar la copia rápida.\n Nota: El contenido no incluye las imágenes, videos o audio originales que se encuentran en los sitios, \n\n Si desea explorar los materiales originales de la fuente,  navegar al sitio original :\n\nhttp://www.Islamreligion.com"
         },
         "Islam Messege (Mensaje del Islam) ": {
            "Contenido islámico integrado ": "El siguiente contenido no está afiliado al sitio original (no official) .\n Más bien, es mediante la clonación  con web scraping \npara permitir la navegación sin conexión en todos los sitios para adaptarse a los hermanos que no tienen Internet continuo.\n También para facilitar el proceso de búsqueda en todos los sitios en una sola plataforma y facilitar la copia rápida.\n Nota: El contenido no incluye las imágenes, videos o audio originales que se encuentran en los sitios, \n\n Si desea explorar los materiales originales de la fuente,  navegar al sitio original :\n\nhttp://www.Islammessage.org"
         },
         "Islam QA": {
            "Respuestas a las preguntas de los musulmanes": "El siguiente contenido no está afiliado al sitio original (no official) .\n Más bien, es mediante la clonación  con web scraping \npara permitir la navegación sin conexión en todos los sitios para adaptarse a los hermanos que no tienen Internet continuo.\n También para facilitar el proceso de búsqueda en todos los sitios en una sola plataforma y facilitar la copia rápida.\n Nota: El contenido no incluye las imágenes, videos o audio originales que se encuentran en los sitios, \n\n Si desea explorar los materiales originales de la fuente,  navegar al sitio original :\n\nhttp://www.Islamqa.com"
         },
         "Islam web": {
            "Respuestas a las preguntas de los musulmanes ": "El siguiente contenido no está afiliado al sitio original (no official) .\n Más bien, es mediante la clonación  con web scraping \npara permitir la navegación sin conexión en todos los sitios para adaptarse a los hermanos que no tienen Internet continuo.\n También para facilitar el proceso de búsqueda en todos los sitios en una sola plataforma y facilitar la copia rápida.\n Nota: El contenido no incluye las imágenes, videos o audio originales que se encuentran en los sitios, \n\n Si desea explorar los materiales originales de la fuente,  navegar al sitio original :\nhttp://www.islamweb.net/"
         }
      },
      " AL-LÁH y su mensajero": {
         "Knowing Allah (Conociendo a Al-láh) ": {
            "sobre nuestra creencia en Dios": "El siguiente contenido no está afiliado al sitio original (no official) .\n Más bien, es mediante la clonación  con web scraping \npara permitir la navegación sin conexión en todos los sitios para adaptarse a los hermanos que no tienen Internet continuo.\n También para facilitar el proceso de búsqueda en todos los sitios en una sola plataforma y facilitar la copia rápida.\n Nota: El contenido no incluye las imágenes, videos o audio originales que se encuentran en los sitios, \n\n Si desea explorar los materiales originales de la fuente,  navegar al sitio original :\n\nhttp://www.knowingallah.com/"
         },
         "Rasoul Al-lah (el Mensajero de Al-láh) ": {
            "sobre el profeta Muhammad ﷺ": "El siguiente contenido no está afiliado al sitio original (no official) .\n Más bien, es mediante la clonación  con web scraping \npara permitir la navegación sin conexión en todos los sitios para adaptarse a los hermanos que no tienen Internet continuo.\n También para facilitar el proceso de búsqueda en todos los sitios en una sola plataforma y facilitar la copia rápida.\n Nota: El contenido no incluye las imágenes, videos o audio originales que se encuentran en los sitios, \n\n Si desea explorar los materiales originales de la fuente,  navegar al sitio original :\n\nhttp://www.rasoulallah.net/"
         },
         "Muhammed ﷺ el Mensajero de Dios ": {
            " sobre el profeta Muhammad ﷺ": "El siguiente contenido no está afiliado al sitio original (no official) .\n Más bien, es mediante la clonación  con web scraping \npara permitir la navegación sin conexión en todos los sitios para adaptarse a los hermanos que no tienen Internet continuo.\n También para facilitar el proceso de búsqueda en todos los sitios en una sola plataforma y facilitar la copia rápida.\n Nota: El contenido no incluye las imágenes, videos o audio originales que se encuentran en los sitios, \n\n Si desea explorar los materiales originales de la fuente,  navegar al sitio original :\n\nhttp://www.pbuh.us"
         },
         "Jesús es musulmán ": {
            "sobre el profeta Jesús la paz sea con él ": "El siguiente contenido no está afiliado al sitio original (no official) .\n Más bien, es mediante la clonación  con web scraping \npara permitir la navegación sin conexión en todos los sitios para adaptarse a los hermanos que no tienen Internet continuo.\n También para facilitar el proceso de búsqueda en todos los sitios en una sola plataforma y facilitar la copia rápida.\n Nota: El contenido no incluye las imágenes, videos o audio originales que se encuentran en los sitios, \n\n Si desea explorar los materiales originales de la fuente,  navegar al sitio original :\n\nhttp://www.jesus-is-muslim.net/"
         },
         "Jesús y el Corán ": {
            "sobre profeta Jesús la paz sea con él ": "El siguiente contenido no está afiliado al sitio original (no official) .\n Más bien, es mediante la clonación  con web scraping \npara permitir la navegación sin conexión en todos los sitios para adaptarse a los hermanos que no tienen Internet continuo.\n También para facilitar el proceso de búsqueda en todos los sitios en una sola plataforma y facilitar la copia rápida.\n Nota: El contenido no incluye las imágenes, videos o audio originales que se encuentran en los sitios, \n\n Si desea explorar los materiales originales de la fuente,  navegar al sitio original :\n\nhttp://www.jesusandquran.com/"
         },
         "Islam por cristianos ": {
            "entre el Islam y el cristianismo ": "El siguiente contenido no está afiliado al sitio original (no official) .\n Más bien, es mediante la clonación  con web scraping \npara permitir la navegación sin conexión en todos los sitios para adaptarse a los hermanos que no tienen Internet continuo.\n También para facilitar el proceso de búsqueda en todos los sitios en una sola plataforma y facilitar la copia rápida.\n Nota: El contenido no incluye las imágenes, videos o audio originales que se encuentran en los sitios, \n\n Si desea explorar los materiales originales de la fuente,  navegar al sitio original :\n\nhttp://www.islamforchristians.com/"
         }
      },
      "Guía al islam ": {
         "Guía del Islam (La Verdad Clara) ": {
            "Por qué el Islam es la verdad": "El siguiente contenido no está afiliado al sitio original (no official) .\n Más bien, es mediante la clonación  con web scraping \npara permitir la navegación sin conexión en todos los sitios para adaptarse a los hermanos que no tienen Internet continuo.\n También para facilitar el proceso de búsqueda en todos los sitios en una sola plataforma y facilitar la copia rápida.\n Nota: El contenido no incluye las imágenes, videos o audio originales que se encuentran en los sitios, \n\n Si desea explorar los materiales originales de la fuente,  navegar al sitio original :\n\nhttps://www.islam-guide.com"
         },
         "Guía al Islam": {
            "Una explicación del Islam": "El siguiente contenido no está afiliado al sitio original (no official) .\n Más bien, es mediante la clonación  con web scraping \npara permitir la navegación sin conexión en todos los sitios para adaptarse a los hermanos que no tienen Internet continuo.\n También para facilitar el proceso de búsqueda en todos los sitios en una sola plataforma y facilitar la copia rápida.\n Nota: El contenido no incluye las imágenes, videos o audio originales que se encuentran en los sitios, \n\n Si desea explorar los materiales originales de la fuente,  navegar al sitio original :\n\nhttps://www.guidetoislam.com/"
         },
         "Saber el islam ": {
            "Una explicación sobre el Islam ": "El siguiente contenido no está afiliado al sitio original (no official) .\n Más bien, es mediante la clonación  con web scraping \npara permitir la navegación sin conexión en todos los sitios para adaptarse a los hermanos que no tienen Internet continuo.\n También para facilitar el proceso de búsqueda en todos los sitios en una sola plataforma y facilitar la copia rápida.\n Nota: El contenido no incluye las imágenes, videos o audio originales que se encuentran en los sitios, \n\n Si desea explorar los materiales originales de la fuente,  navegar al sitio original :\n\nhttps://www.Saberislam.com"
         },
         "la fe islámica ": {
            "sobre nuestra creencia ": "El siguiente contenido no está afiliado al sitio original (no official) .\n Más bien, es mediante la clonación  con web scraping \npara permitir la navegación sin conexión en todos los sitios para adaptarse a los hermanos que no tienen Internet continuo.\n También para facilitar el proceso de búsqueda en todos los sitios en una sola plataforma y facilitar la copia rápida.\n Nota: El contenido no incluye las imágenes, videos o audio originales que se encuentran en los sitios, \n\n Si desea explorar los materiales originales de la fuente,  navegar al sitio original :\n\nhttps://www.the-faith.com/"
         },
         "Clave para el Islam": {
            "Una explicación del Islam ": "El siguiente contenido no está afiliado al sitio original (no official) .\n Más bien, es mediante la clonación  con web scraping \npara permitir la navegación sin conexión en todos los sitios para adaptarse a los hermanos que no tienen Internet continuo.\n También para facilitar el proceso de búsqueda en todos los sitios en una sola plataforma y facilitar la copia rápida.\n Nota: El contenido no incluye las imágenes, videos o audio originales que se encuentran en los sitios, \n\n Si desea explorar los materiales originales de la fuente,  navegar al sitio original :\n\nhttps://www.thekeytoislam.com/"
         },
         "Clave del Islam": {
            "Una explicación del Islam ": "El siguiente contenido no está afiliado al sitio original (no official) .\n Más bien, es mediante la clonación  con web scraping \npara permitir la navegación sin conexión en todos los sitios para adaptarse a los hermanos que no tienen Internet continuo.\n También para facilitar el proceso de búsqueda en todos los sitios en una sola plataforma y facilitar la copia rápida.\n Nota: El contenido no incluye las imágenes, videos o audio originales que se encuentran en los sitios, \n\n Si desea explorar los materiales originales de la fuente,  navegar al sitio original :\n\nhttps://www.the-faith.com/"
         },
         "El mensaje del Islam ": {
            "Una explicación del Islam": "El siguiente contenido no está afiliado al sitio original (no official) .\n Más bien, es mediante la clonación  con web scraping \npara permitir la navegación sin conexión en todos los sitios para adaptarse a los hermanos que no tienen Internet continuo.\n También para facilitar el proceso de búsqueda en todos los sitios en una sola plataforma y facilitar la copia rápida.\n Nota: El contenido no incluye las imágenes, videos o audio originales que se encuentran en los sitios, \n\n Si desea explorar los materiales originales de la fuente,  navegar al sitio original :\n\nhttp://themessageofislam.org"
         },
         "Universo Islámico": {
            "Una explicación del Islam ": "El siguiente contenido no está afiliado al sitio original (no official) .\n Más bien, es mediante la clonación  con web scraping \npara permitir la navegación sin conexión en todos los sitios para adaptarse a los hermanos que no tienen Internet continuo.\n También para facilitar el proceso de búsqueda en todos los sitios en una sola plataforma y facilitar la copia rápida.\n Nota: El contenido no incluye las imágenes, videos o audio originales que se encuentran en los sitios, \n\n Si desea explorar los materiales originales de la fuente,  navegar al sitio original :\n\nhttp://islamuniverse.org/"
         },
         "https://explore-islam.com/ ": {
            "Una explicación del Islam": "El siguiente contenido no está afiliado al sitio original (no official) .\n Más bien, es mediante la clonación  con web scraping \npara permitir la navegación sin conexión en todos los sitios para adaptarse a los hermanos que no tienen Internet continuo.\n También para facilitar el proceso de búsqueda en todos los sitios en una sola plataforma y facilitar la copia rápida.\n Nota: El contenido no incluye las imágenes, videos o audio originales que se encuentran en los sitios, \n\n Si desea explorar los materiales originales de la fuente,  navegar al sitio original :\n\nhttps://explore-islam.com/"
         },
         "Puerto Islámico": {
            "Una explicación del Islam ": "El siguiente contenido no está afiliado al sitio original (no official) .\n Más bien, es mediante la clonación  con web scraping \npara permitir la navegación sin conexión en todos los sitios para adaptarse a los hermanos que no tienen Internet continuo.\n También para facilitar el proceso de búsqueda en todos los sitios en una sola plataforma y facilitar la copia rápida.\n Nota: El contenido no incluye las imágenes, videos o audio originales que se encuentran en los sitios, \n\n Si desea explorar los materiales originales de la fuente,  navegar al sitio original :\n\nhttp://islam-port.com/"
         }
      },
      "Temas islámicos ": {
         "Religión de paz": {
            "La verdad sobre el Islam": "El siguiente contenido no está afiliado al sitio original (no official) .\n Más bien, es mediante la clonación  con web scraping \npara permitir la navegación sin conexión en todos los sitios para adaptarse a los hermanos que no tienen Internet continuo.\n También para facilitar el proceso de búsqueda en todos los sitios en una sola plataforma y facilitar la copia rápida.\n Nota: El contenido no incluye las imágenes, videos o audio originales que se encuentran en los sitios, \n\n Si desea explorar los materiales originales de la fuente,  navegar al sitio original :\n\nhttp://www.womeninislam.ws/"
         },
         "Derechos humanos en el Islam": {
            "La verdad sobre el Islam": "El siguiente contenido no está afiliado al sitio original (no official) .\n Más bien, es mediante la clonación  con web scraping \npara permitir la navegación sin conexión en todos los sitios para adaptarse a los hermanos que no tienen Internet continuo.\n También para facilitar el proceso de búsqueda en todos los sitios en una sola plataforma y facilitar la copia rápida.\n Nota: El contenido no incluye las imágenes, videos o audio originales que se encuentran en los sitios, \n\n Si desea explorar los materiales originales de la fuente,  navegar al sitio original :\n\nhttp://www.humanrightsinislam.com/"
         },
         "la mujer en el Islam ": {
            "La verdad sobre el Islam": "El siguiente contenido no está afiliado al sitio original (no official) .\n Más bien, es mediante la clonación  con web scraping \npara permitir la navegación sin conexión en todos los sitios para adaptarse a los hermanos que no tienen Internet continuo.\n También para facilitar el proceso de búsqueda en todos los sitios en una sola plataforma y facilitar la copia rápida.\n Nota: El contenido no incluye las imágenes, videos o audio originales que se encuentran en los sitios, \n\n Si desea explorar los materiales originales de la fuente,  navegar al sitio original :\n\nhttp://www.womeninislam.ws/"
         },
         "Romance en el Islam": {
            "Entre el hombre y su mujer ": "El siguiente contenido no está afiliado al sitio original (no official) .\n Más bien, es mediante la clonación  con web scraping \npara permitir la navegación sin conexión en todos los sitios para adaptarse a los hermanos que no tienen Internet continuo.\n También para facilitar el proceso de búsqueda en todos los sitios en una sola plataforma y facilitar la copia rápida.\n Nota: El contenido no incluye las imágenes, videos o audio originales que se encuentran en los sitios, \n\n Si desea explorar los materiales originales de la fuente,  navegar al sitio original :\n\nhttp://www.romanceinislam.com"
         },
         "Amor en el Islam ": {
            " Entre el hombre y su mujer ": "El siguiente contenido no está afiliado al sitio original (no official) .\n Más bien, es mediante la clonación  con web scraping \npara permitir la navegación sin conexión en todos los sitios para adaptarse a los hermanos que no tienen Internet continuo.\n También para facilitar el proceso de búsqueda en todos los sitios en una sola plataforma y facilitar la copia rápida.\n Nota: El contenido no incluye las imágenes, videos o audio originales que se encuentran en los sitios, \n\n Si desea explorar los materiales originales de la fuente,  navegar al sitio original :\n\nhttp://loveinislam.ws/"
         },
         "inovación (Bidaa) en la adoración ": {
            "Compromiso con la ley de Dios sin cambios": "El siguiente contenido no está afiliado al sitio original (no official) .\n Más bien, es mediante la clonación  con web scraping \npara permitir la navegación sin conexión en todos los sitios para adaptarse a los hermanos que no tienen Internet continuo.\n También para facilitar el proceso de búsqueda en todos los sitios en una sola plataforma y facilitar la copia rápida.\n Nota: El contenido no incluye las imágenes, videos o audio originales que se encuentran en los sitios, \n\n Si desea explorar los materiales originales de la fuente,  navegar al sitio original :\n\nhttp://www.bidaainislam.com/"
         },
         "El Principio y el fin": {
            "El principio y el fin de la Vida": "El siguiente contenido no está afiliado al sitio original (no official) .\n Más bien, es mediante la clonación  con web scraping \npara permitir la navegación sin conexión en todos los sitios para adaptarse a los hermanos que no tienen Internet continuo.\n También para facilitar el proceso de búsqueda en todos los sitios en una sola plataforma y facilitar la copia rápida.\n Nota: El contenido no incluye las imágenes, videos o audio originales que se encuentran en los sitios, \n\n Si desea explorar los materiales originales de la fuente,  navegar al sitio original :\n\n http://www.thisistruth.org/"
         },
         "La fortaleza del creyente": {
            "Una explicación del Islam": "El siguiente contenido no está afiliado al sitio original (no official) .\n Más bien, es mediante la clonación  con web scraping \npara permitir la navegación sin conexión en todos los sitios para adaptarse a los hermanos que no tienen Internet continuo.\n También para facilitar el proceso de búsqueda en todos los sitios en una sola plataforma y facilitar la copia rápida.\n Nota: El contenido no incluye las imágenes, videos o audio originales que se encuentran en los sitios, \n\n Si desea explorar los materiales originales de la fuente,  navegar al sitio original :\n\n http://www.athkar.ws/"
         },
         "los primeros pasos": {
            "Los primeros pasos en el Islam ": "El siguiente contenido no está afiliado al sitio original (no official) .\n Más bien, es mediante la clonación  con web scraping \npara permitir la navegación sin conexión en todos los sitios para adaptarse a los hermanos que no tienen Internet continuo.\n También para facilitar el proceso de búsqueda en todos los sitios en una sola plataforma y facilitar la copia rápida.\n Nota: El contenido no incluye las imágenes, videos o audio originales que se encuentran en los sitios, \n\n Si desea explorar los materiales originales de la fuente,  navegar al sitio original :\n\n http://www.1ststepsinislam.com/"
         },
         "Aprende el Islam ": {
            "Una explicación del Islam ": "El siguiente contenido no está afiliado al sitio original (no official) .\n Más bien, es mediante la clonación  con web scraping \npara permitir la navegación sin conexión en todos los sitios para adaptarse a los hermanos que no tienen Internet continuo.\n También para facilitar el proceso de búsqueda en todos los sitios en una sola plataforma y facilitar la copia rápida.\n Nota: El contenido no incluye las imágenes, videos o audio originales que se encuentran en los sitios, \n\n Si desea explorar los materiales originales de la fuente,  navegar al sitio original :\n\nhttps://www.learningislam.com"
         },
         "Los Términos": {
            " Términos islámicos en español.": "El siguiente contenido no está afiliado al sitio original (no official) .\n Más bien, es mediante la clonación  con web scraping \npara permitir la navegación sin conexión en todos los sitios para adaptarse a los hermanos que no tienen Internet continuo.\n También para facilitar el proceso de búsqueda en todos los sitios en una sola plataforma y facilitar la copia rápida.\n Nota: El contenido no incluye las imágenes, videos o audio originales que se encuentran en los sitios, \n\n Si desea explorar los materiales originales de la fuente,  navegar al sitio original :\n\nhttps://terminologyenc.com/"
         }
      }
   }
}