{"islam-house":{"Videos":{"La ’Aquidah - 2":"https://islamhouse.com/es/videos/824756/","La ’Aquidah - 1":"https://islamhouse.com/es/videos/824754/","La sinceridad":"https://islamhouse.com/es/videos/727709/","Posición de As-Sala el Islam y su estatus en la Shari’a":"https://islamhouse.com/es/videos/453947/","¿Existe Dios?":"https://islamhouse.com/es/videos/443170/","Explicación del Hadiz “Ummu Sunnah” (La base de la Sunnah)":"https://islamhouse.com/es/videos/439230/","Hadiz 42":"https://islamhouse.com/es/videos/407558/","Hadiz 41":"https://islamhouse.com/es/videos/407556/","Hadiz 40":"https://islamhouse.com/es/videos/407554/","Hadiz 39":"https://islamhouse.com/es/videos/407552/","Hadiz 38":"https://islamhouse.com/es/videos/407550/","Hadiz 37":"https://islamhouse.com/es/videos/407548/","Hadiz 36":"https://islamhouse.com/es/videos/407546/","Hadiz 35":"https://islamhouse.com/es/videos/407544/","Hadiz 34":"https://islamhouse.com/es/videos/407542/","Hadiz 33":"https://islamhouse.com/es/videos/407540/","Hadiz 32":"https://islamhouse.com/es/videos/407538/","Hadiz 31":"https://islamhouse.com/es/videos/407536/","Hadiz 30":"https://islamhouse.com/es/videos/407534/","Hadiz 29":"https://islamhouse.com/es/videos/407532/","Hadiz 28":"https://islamhouse.com/es/videos/407530/","Hadiz 27":"https://islamhouse.com/es/videos/407528/","Hadiz 26":"https://islamhouse.com/es/videos/407526/","Hadiz 25":"https://islamhouse.com/es/videos/407524/","Hadiz 24":"https://islamhouse.com/es/videos/407522/","Hadiz 23":"https://islamhouse.com/es/videos/407520/","Hadiz 22":"https://islamhouse.com/es/videos/407518/","Hadiz 21":"https://islamhouse.com/es/videos/407516/","Explicación del hadiz # 42 del libro “Los cuarenta Hadices”":"https://islamhouse.com/es/videos/406762/","Explicación del hadiz # 41 del libro “Los cuarenta Hadices”":"https://islamhouse.com/es/videos/406760/","Explicación del hadiz # 40 del libro “Los cuarenta Hadices”":"https://islamhouse.com/es/videos/406758/","Explicación del hadiz # 39 del libro “Los cuarenta Hadices”":"https://islamhouse.com/es/videos/406756/","Explicación del hadiz # 38 del libro “Los cuarenta Hadices”":"https://islamhouse.com/es/videos/406754/","Explicación del hadiz # 37 del libro “Los cuarenta Hadices”":"https://islamhouse.com/es/videos/406752/","Explicación del hadiz # 36 del libro “Los cuarenta Hadices”":"https://islamhouse.com/es/videos/406750/","Explicación del hadiz # 35 del libro “Los cuarenta Hadices”":"https://islamhouse.com/es/videos/406748/","Explicación del hadiz # 34 del libro “Los cuarenta Hadices”":"https://islamhouse.com/es/videos/406746/","Explicación del hadiz # 33 del libro “Los cuarenta Hadices”":"https://islamhouse.com/es/videos/406744/","Explicación del hadiz # 32 del libro “Los cuarenta Hadices”":"https://islamhouse.com/es/videos/406742/","Explicación del hadiz # 31 del libro “Los cuarenta Hadices”":"https://islamhouse.com/es/videos/406740/","Explicación del hadiz # 30 del libro “Los cuarenta Hadices”":"https://islamhouse.com/es/videos/406738/","Explicación del hadiz # 29 del libro “Los cuarenta Hadices”":"https://islamhouse.com/es/videos/406736/","Explicación del hadiz # 28 del libro “Los cuarenta Hadices”":"https://islamhouse.com/es/videos/406734/","Explicación del hadiz # 27 del libro “Los cuarenta Hadices”":"https://islamhouse.com/es/videos/406732/","Explicación del hadiz # 26 del libro “Los cuarenta Hadices”":"https://islamhouse.com/es/videos/406730/","Explicación del hadiz # 25 del libro “Los cuarenta Hadices”":"https://islamhouse.com/es/videos/406728/","Explicación del hadiz # 24 del libro “Los cuarenta Hadices”":"https://islamhouse.com/es/videos/406726/","Explicación del hadiz # 23 del libro “Los cuarenta Hadices”":"https://islamhouse.com/es/videos/406724/","Explicación del hadiz # 22 del libro “Los cuarenta Hadices”":"https://islamhouse.com/es/videos/406722/","Explicación del hadiz # 21 del libro “Los cuarenta Hadices”":"https://islamhouse.com/es/videos/406720/","Los Cuarenta Hadices":"https://islamhouse.com/es/videos/405931/","Hadiz 20":"https://islamhouse.com/es/videos/405929/","Hadiz 19":"https://islamhouse.com/es/videos/405927/","Hadiz 18":"https://islamhouse.com/es/videos/405925/","Hadiz 17":"https://islamhouse.com/es/videos/405923/","Hadiz 16":"https://islamhouse.com/es/videos/405921/","Hadiz 15":"https://islamhouse.com/es/videos/405919/","Hadiz 14":"https://islamhouse.com/es/videos/405917/","Hadiz 13":"https://islamhouse.com/es/videos/405915/","Hadiz 12":"https://islamhouse.com/es/videos/405913/","Hadiz 11":"https://islamhouse.com/es/videos/405911/","Hadiz 10":"https://islamhouse.com/es/videos/405909/","Hadiz 09":"https://islamhouse.com/es/videos/405907/","Hadiz 08":"https://islamhouse.com/es/videos/405905/","Hadiz 07":"https://islamhouse.com/es/videos/405903/","Hadiz 06":"https://islamhouse.com/es/videos/405901/","Hadiz 05":"https://islamhouse.com/es/videos/405899/","Hadiz 04":"https://islamhouse.com/es/videos/405897/","Hadiz 03":"https://islamhouse.com/es/videos/405895/","Hadiz 02":"https://islamhouse.com/es/videos/405893/","Hadiz 01":"https://islamhouse.com/es/videos/405891/","Explicación del hadiz # 20 del libro “Los cuarenta Hadices”":"https://islamhouse.com/es/videos/405811/","Explicación del hadiz # 19 del libro “Los cuarenta Hadices”":"https://islamhouse.com/es/videos/405809/","Explicación del hadiz # 18 del libro “Los cuarenta Hadices”":"https://islamhouse.com/es/videos/405805/","Explicación del hadiz # 17 del libro “Los cuarenta Hadices”":"https://islamhouse.com/es/videos/405803/","Explicación del hadiz # 16 del libro “Los cuarenta Hadices”":"https://islamhouse.com/es/videos/405801/","Explicación del hadiz # 15 del libro “Los cuarenta Hadices”":"https://islamhouse.com/es/videos/405799/","Explicación del hadiz # 14 del libro “Los cuarenta Hadices”":"https://islamhouse.com/es/videos/405797/","Explicación del hadiz # 13 del libro “Los cuarenta Hadices”":"https://islamhouse.com/es/videos/405795/","Explicación del hadiz # 12 del libro “Los cuarenta Hadices”":"https://islamhouse.com/es/videos/405791/","Explicación del hadiz # 11 del libro “Los cuarenta Hadices”":"https://islamhouse.com/es/videos/405789/","Explicación del hadiz # 10 del libro “Los cuarenta Hadices”":"https://islamhouse.com/es/videos/405783/","Explicación del hadiz # 09 del libro “Los cuarenta Hadices”":"https://islamhouse.com/es/videos/405779/","Explicación del hadiz # 08 del libro “Los cuarenta Hadices”":"https://islamhouse.com/es/videos/405777/","Explicación del hadiz # 07 del libro “Los cuarenta Hadices”":"https://islamhouse.com/es/videos/405775/","Explicación del hadiz # 06 del libro “Los cuarenta Hadices”":"https://islamhouse.com/es/videos/405773/","Explicación del hadiz # 05 del libro “Los cuarenta Hadices”":"https://islamhouse.com/es/videos/405771/","Explicación del hadiz # 04 del libro “Los cuarenta Hadices”":"https://islamhouse.com/es/videos/405769/","Explicación del hadiz # 03 del libro “Los cuarenta Hadices”":"https://islamhouse.com/es/videos/405767/","Explicación del hadiz # 02 del libro “Los cuarenta Hadices”":"https://islamhouse.com/es/videos/405765/","Explicación del hadiz # 01 del libro “Los cuarenta Hadices”":"https://islamhouse.com/es/videos/405763/","Segundo Seminario sobre teología Islámica - 3":"https://islamhouse.com/es/videos/397707/","Segundo Seminario sobre teología Islámica - 2":"https://islamhouse.com/es/videos/397703/","Segundo Seminario sobre teología Islámica - 1":"https://islamhouse.com/es/videos/397701/","At-Tawhid y el amor por Allah y su Mensajero":"https://islamhouse.com/es/videos/395936/","Los Mensajeros de Dios":"https://islamhouse.com/es/videos/385260/","Breve descripción del Profeta Muhammad":"https://islamhouse.com/es/videos/370788/","La importancia de seguir la Sunnah":"https://islamhouse.com/es/videos/370770/","Aferrarse al Tawhid":"https://islamhouse.com/es/videos/370754/","Muhammad en la Biblia":"https://islamhouse.com/es/videos/320132/","¿Quién es el Profeta Muhammad?":"https://islamhouse.com/es/videos/320130/","Presentación del Islam":"https://islamhouse.com/es/videos/320128/","¿Quién es el Profeta Muhammad? - 4":"https://islamhouse.com/es/videos/221004/","¿Quién es el Profeta Muhammad? - 3":"https://islamhouse.com/es/videos/221002/","La Ablución":"https://islamhouse.com/es/videos/199899/","Normas el ayuno del mes de Ramadán":"https://islamhouse.com/es/videos/2836440/","El quinto pilar Peregrinar a la Casa Sagrada La Meca para todo aquel que esté en capac":"https://islamhouse.com/es/videos/2833701/","El cuarto pilar Ayunar el mes de Ramadán":"https://islamhouse.com/es/videos/2833700/","El tercer pilar Entregar la caridad obligatoria Zakat":"https://islamhouse.com/es/videos/2833699/","El segundo pilar Establecer la oración":"https://islamhouse.com/es/videos/2833698/","El primer pilar Los dos testimonios de Fe":"https://islamhouse.com/es/videos/2833697/","Los cuatro principios":"https://islamhouse.com/es/videos/2833696/","Qué es el monoteísmo":"https://islamhouse.com/es/videos/2833695/","Conocer a nuestro Profeta":"https://islamhouse.com/es/videos/2833694/","Definición del Islam Los tres grados de la religión":"https://islamhouse.com/es/videos/2833693/","El primer principio ¿Quién es tu Señor":"https://islamhouse.com/es/videos/2833692/","Por qué estudiamos el Monoteísmo (Tawhid)":"https://islamhouse.com/es/videos/2832170/","La Fe en Allah":"https://islamhouse.com/es/videos/2832169/","La Fe en los ángeles":"https://islamhouse.com/es/videos/2832168/","La Fe en los Libros Sagrados":"https://islamhouse.com/es/videos/2832167/","La Fe en los Mensajeros":"https://islamhouse.com/es/videos/2832166/","La Fe en el Último Día":"https://islamhouse.com/es/videos/2832165/","La Fe en el Decreto Divino":"https://islamhouse.com/es/videos/2832164/","Cómo LA ORACION Y LA ABLUCIÓN":"https://islamhouse.com/es/videos/2821101/","Reflexiones sobre: \"solo a ti adoramos y solo a ti imploramos ayuda\"":"https://islamhouse.com/es/videos/2818894/","¿En qué creen los musulmanes?":"https://islamhouse.com/es/videos/720573/","20 técnicas del Profeta para la educación - 21":"https://islamhouse.com/es/videos/582788/","20 técnicas del Profeta para la educación - 20":"https://islamhouse.com/es/videos/582786/","20 técnicas del Profeta para la educación - 19":"https://islamhouse.com/es/videos/582784/","20 técnicas del Profeta para la educación - 17":"https://islamhouse.com/es/videos/582782/","20 técnicas del Profeta para la educación - 16":"https://islamhouse.com/es/videos/582780/","20 técnicas del Profeta para la educación - 15":"https://islamhouse.com/es/videos/582778/","20 técnicas del Profeta para la educación - 14":"https://islamhouse.com/es/videos/582776/","20 técnicas del Profeta para la educación - 13":"https://islamhouse.com/es/videos/582774/","20 técnicas del Profeta para la educación - 12":"https://islamhouse.com/es/videos/582772/","20 técnicas del Profeta para la educación - 11":"https://islamhouse.com/es/videos/582764/","Descripcion del As-salat":"https://islamhouse.com/es/videos/548596/","La visita a Medina, su excelencia e importancia en el Islam":"https://islamhouse.com/es/videos/502672/","20 técnicas del Profeta para la educación - 10":"https://islamhouse.com/es/videos/485904/","20 técnicas del Profeta para la educación - 09":"https://islamhouse.com/es/videos/485788/","20 técnicas del Profeta para la educación - 08":"https://islamhouse.com/es/videos/485786/","20 técnicas del Profeta para la educación - 07":"https://islamhouse.com/es/videos/485784/","20 técnicas del Profeta para la educación - 06":"https://islamhouse.com/es/videos/485668/","20 técnicas del Profeta para la educación - 05":"https://islamhouse.com/es/videos/485666/","20 técnicas del Profeta para la educación - 04":"https://islamhouse.com/es/videos/485550/","20 técnicas del Profeta para la educación - 03":"https://islamhouse.com/es/videos/485548/","20 técnicas del Profeta para la educación - 02":"https://islamhouse.com/es/videos/485546/","20 técnicas del Profeta para la educación - 01":"https://islamhouse.com/es/videos/485544/","Condiciones para la validez de As-Sala":"https://islamhouse.com/es/videos/453967/","Rezo del viernes (salat ul yumu’a)":"https://islamhouse.com/es/videos/453957/","Salat ul yama’a (El rezo en congregación)":"https://islamhouse.com/es/videos/453953/","El rezo de la gente impedida":"https://islamhouse.com/es/videos/453951/","Descripcion del As-salat 2":"https://islamhouse.com/es/videos/453939/","Las reinas del Islam":"https://islamhouse.com/es/videos/439485/","Mensaje para un Ateo":"https://islamhouse.com/es/videos/408492/","Todos sois pastores y responsables de aquellos que están bajo vuestro cuidado":"https://islamhouse.com/es/videos/395942/","Zakat Al Fiter y Salatul ’Id":"https://islamhouse.com/es/videos/378543/","El día del Yumu’a y sus prescripciones":"https://islamhouse.com/es/videos/373415/","Advertencia contra la Bid’a (la innovación)":"https://islamhouse.com/es/videos/373289/","El Paraíso y el Infierno":"https://islamhouse.com/es/videos/373124/","La decisión":"https://islamhouse.com/es/videos/371177/","Las virtudes del buen trato con el prójimo":"https://islamhouse.com/es/videos/370790/","La debilidad de la fe, manifestaciones y remedios":"https://islamhouse.com/es/videos/370782/","El respeto hacia los padres":"https://islamhouse.com/es/videos/370774/","La importancia del Salat":"https://islamhouse.com/es/videos/370772/","Ordenar el bien y prohibir el mal":"https://islamhouse.com/es/videos/370756/","Cómo disfrutar de la oración":"https://islamhouse.com/es/videos/332215/","Los Fundamentos de la Legislación Islámica":"https://islamhouse.com/es/videos/320136/","El concepto de Adoración en el Islam - 1":"https://islamhouse.com/es/videos/320134/","Los Padres en el Islam":"https://islamhouse.com/es/videos/320124/","La oración":"https://islamhouse.com/es/videos/320061/","El Fiqh de la oración del Viernes":"https://islamhouse.com/es/videos/286245/","La Paz En El Islam":"https://islamhouse.com/es/videos/220982/","Antiguas Escrituras Sagradas reveladas por Allah":"https://islamhouse.com/es/videos/220980/","Los Fundamentos de la Legislación Islámica - 8":"https://islamhouse.com/es/videos/219913/","Los Fundamentos de la Legislación Islámica - 7":"https://islamhouse.com/es/videos/219911/","Los Fundamentos de la Legislación Islámica - 6":"https://islamhouse.com/es/videos/219909/","Los Fundamentos de la Legislación Islámica - 4":"https://islamhouse.com/es/videos/219905/","Los Fundamentos de la Legislación Islámica - 3":"https://islamhouse.com/es/videos/219903/","Los Fundamentos de la Legislación Islámica - 2":"https://islamhouse.com/es/videos/219901/","Los Fundamentos de la Legislación Islámica - 1":"https://islamhouse.com/es/videos/219899/","El concepto de Adoración en el Islam - 3":"https://islamhouse.com/es/videos/219824/","El concepto de Adoración en el Islam - 2":"https://islamhouse.com/es/videos/219822/","Isha":"https://islamhouse.com/es/videos/199909/","Magrib":"https://islamhouse.com/es/videos/199907/","Asr":"https://islamhouse.com/es/videos/199905/","Dhuhur":"https://islamhouse.com/es/videos/199903/","Fayr":"https://islamhouse.com/es/videos/199901/","El monoteísmo, tawhed.":"https://islamhouse.com/es/videos/2836689/","Fue realmente Jesús ( la paz sea con el) crucificado?":"https://islamhouse.com/es/videos/2836688/","El Profeta Muhammad (PB) con su nombre en la Biblia":"https://islamhouse.com/es/videos/2836687/","La Importancia del dia de Ashura":"https://islamhouse.com/es/videos/2813374/","Las condiciones para sacrificar el animal en el islam":"https://islamhouse.com/es/videos/2811402/","Eco islam, episodio 1":"https://islamhouse.com/es/videos/2795198/","La Identidad del Musulmán en Occidente. Derechos y obligaciones":"https://islamhouse.com/es/videos/2788785/","Perlas, enseñanzas y beneficios de la vida del Profeta Muhammad":"https://islamhouse.com/es/videos/2788749/","Los modales de la súplica":"https://islamhouse.com/es/videos/2787117/","Historia de Amr bin Alyamuh":"https://islamhouse.com/es/videos/2787115/","La ética ante la discordia-adab al ijtilaf":"https://islamhouse.com/es/videos/2787113/","A la luz de Ramadán - 7":"https://islamhouse.com/es/videos/2770787/","A la luz de Ramadán - 6":"https://islamhouse.com/es/videos/2770785/","A la luz de Ramadán - 5":"https://islamhouse.com/es/videos/2770781/","Las enseñanzas del Profeta Muhammad para momentos de confusión":"https://islamhouse.com/es/videos/899684/","A la luz de Ramadán - 4":"https://islamhouse.com/es/videos/899682/","A la luz de Ramadán - 3":"https://islamhouse.com/es/videos/899680/","A la luz de Ramadán - 2":"https://islamhouse.com/es/videos/899678/","A la luz de Ramadán - 1":"https://islamhouse.com/es/videos/899676/","Claves para el éxito en esta Vida y en la Otra":"https://islamhouse.com/es/videos/795158/","Los Males del Tabaco, las Drogas y otros Intoxicantes":"https://islamhouse.com/es/videos/795156/","El Temor de Allah":"https://islamhouse.com/es/videos/727711/","El arrepentimiento":"https://islamhouse.com/es/videos/727707/","Beneficios del Hadiz - 22":"https://islamhouse.com/es/videos/722654/","Beneficios del Hadiz - 21":"https://islamhouse.com/es/videos/722652/","Beneficios del Hadiz - 20":"https://islamhouse.com/es/videos/722650/","Beneficios del Hadiz - 19":"https://islamhouse.com/es/videos/722648/","Beneficios del Hadiz - 18":"https://islamhouse.com/es/videos/722646/","Beneficios del Hadiz - 17":"https://islamhouse.com/es/videos/722644/","Beneficios del Hadiz - 16":"https://islamhouse.com/es/videos/722642/","Beneficios del Hadiz - 15":"https://islamhouse.com/es/videos/722640/","Beneficios del Hadiz - 14":"https://islamhouse.com/es/videos/722638/","Beneficios del Hadiz - 13":"https://islamhouse.com/es/videos/722636/","Beneficios del Hadiz - 12":"https://islamhouse.com/es/videos/722634/","Beneficios del Hadiz - 11":"https://islamhouse.com/es/videos/722632/","Beneficios del Hadiz - 10":"https://islamhouse.com/es/videos/722630/","Beneficios del Hadiz - 09":"https://islamhouse.com/es/videos/722628/","Beneficios del Hadiz - 08":"https://islamhouse.com/es/videos/722622/","Beneficios del Hadiz - 07":"https://islamhouse.com/es/videos/722620/","Beneficios del Hadiz - 06":"https://islamhouse.com/es/videos/722618/","Beneficios del Hadiz - 05":"https://islamhouse.com/es/videos/722616/","Beneficios del Hadiz - 04":"https://islamhouse.com/es/videos/722614/","Beneficios del Hadiz - 03":"https://islamhouse.com/es/videos/722612/","Beneficios del Hadiz - 02":"https://islamhouse.com/es/videos/722610/","Beneficios del Hadiz - 01":"https://islamhouse.com/es/videos/722607/","Luceros para el corazón 12":"https://islamhouse.com/es/videos/720623/","Luceros para el corazón 11":"https://islamhouse.com/es/videos/720620/","Luceros para el corazón 10":"https://islamhouse.com/es/videos/720617/","Luceros para el corazón 09":"https://islamhouse.com/es/videos/720615/","Luceros para el corazón 08":"https://islamhouse.com/es/videos/720613/","Luceros para el corazón 07":"https://islamhouse.com/es/videos/720610/","Luceros para el corazón 06":"https://islamhouse.com/es/videos/720608/","Luceros para el corazón 05":"https://islamhouse.com/es/videos/720605/","Luceros para el corazón 04":"https://islamhouse.com/es/videos/720603/","Luceros para el corazón 03":"https://islamhouse.com/es/videos/720600/","Luceros para el corazón 02":"https://islamhouse.com/es/videos/720597/","Luceros para el corazón 01":"https://islamhouse.com/es/videos/720590/","Hacer el bien":"https://islamhouse.com/es/videos/658359/","Historias de los Sahaba - 13":"https://islamhouse.com/es/videos/658357/","Historias de los Sahaba - 12":"https://islamhouse.com/es/videos/658355/","Historias de los Sahaba - 11":"https://islamhouse.com/es/videos/658353/","Historias de los Sahaba - 10":"https://islamhouse.com/es/videos/658351/","Historias de los Sahaba - 09":"https://islamhouse.com/es/videos/658349/","Historias de los Sahaba - 08":"https://islamhouse.com/es/videos/658347/","Historias de los Sahaba - 07":"https://islamhouse.com/es/videos/658345/","Historias de los Sahaba - 06":"https://islamhouse.com/es/videos/658343/","Historias de los Sahaba - 05":"https://islamhouse.com/es/videos/658341/","Historias de los Sahaba - 04":"https://islamhouse.com/es/videos/658339/","Historias de los Sahaba - 03":"https://islamhouse.com/es/videos/658337/","Historias de los Sahaba - 02":"https://islamhouse.com/es/videos/658335/","Historias de los Sahaba - 01":"https://islamhouse.com/es/videos/658333/","Limosnas opcionales":"https://islamhouse.com/es/videos/548594/","Zakat ul fiter":"https://islamhouse.com/es/videos/548592/","Losbeneficiarios del Az-Zaka y su pago":"https://islamhouse.com/es/videos/548590/","Otros tipos de Az-Zaka":"https://islamhouse.com/es/videos/548588/","Lo permitido y detestable en la oración, y lo que invalida la oración":"https://islamhouse.com/es/videos/548586/","Salat at-tatawu’ (el rezo espontáneo)":"https://islamhouse.com/es/videos/548584/","La ofrenda y el sacrificio expiatorio":"https://islamhouse.com/es/videos/502670/","La Ud-hia":"https://islamhouse.com/es/videos/502668/","Pilares, obligaciones y Sunnas de la ’Umra":"https://islamhouse.com/es/videos/502666/","Pilares, obligaciones y sunnas del Hayy":"https://islamhouse.com/es/videos/502664/","Antecedentes introductorios sobre el Hayy":"https://islamhouse.com/es/videos/502662/","Al Ihram (La consagración del peregrino)":"https://islamhouse.com/es/videos/502395/","Los ritos y la talbia":"https://islamhouse.com/es/videos/502393/","Descripción del Hayyy la ’Umra":"https://islamhouse.com/es/videos/501935/","Prescripciones del Hayy y la ’Umra":"https://islamhouse.com/es/videos/501819/","Al Mawaqit":"https://islamhouse.com/es/videos/501577/","Aqidah - 13":"https://islamhouse.com/es/videos/481004/","Aqidah - 12":"https://islamhouse.com/es/videos/481002/","Aqidah - 11":"https://islamhouse.com/es/videos/481000/","Aqidah - 10":"https://islamhouse.com/es/videos/480998/","Aqidah - 09":"https://islamhouse.com/es/videos/480996/","Aqidah - 08":"https://islamhouse.com/es/videos/480994/","Az-Zaka de los bienes comerciables":"https://islamhouse.com/es/videos/480951/","Az-Zaka sobre el ganado":"https://islamhouse.com/es/videos/480949/","El Az-Zaka sobre los bienes monetarios":"https://islamhouse.com/es/videos/480947/","El Az-Zaka de lo que produce el suelo":"https://islamhouse.com/es/videos/480945/","Az-Zaka, su estatus legal y sus requisitos":"https://islamhouse.com/es/videos/480943/","Aqidah - 07":"https://islamhouse.com/es/videos/461101/","Aqidah - 06":"https://islamhouse.com/es/videos/461099/","Aqidah - 05":"https://islamhouse.com/es/videos/461097/","Aqidah - 04":"https://islamhouse.com/es/videos/461095/","El I’tikaf (retiro devocional en la mezquita)":"https://islamhouse.com/es/videos/461059/","La noche del destino (Lailat ul Qadr)":"https://islamhouse.com/es/videos/461057/","Ayuno opcional (tatawwu’)":"https://islamhouse.com/es/videos/461055/","Excusas para suspender el ayuno en Ramadán":"https://islamhouse.com/es/videos/461053/","Los pilares del ayuno":"https://islamhouse.com/es/videos/461051/","Virtudes del ayuno":"https://islamhouse.com/es/videos/461049/","Aqidah - 03":"https://islamhouse.com/es/videos/461047/","Aqidah - 02":"https://islamhouse.com/es/videos/461045/","Aqidah - 01":"https://islamhouse.com/es/videos/461042/","La sutra del orante":"https://islamhouse.com/es/videos/453969/","Suyud ash-shukr":"https://islamhouse.com/es/videos/453965/","Salat ul istisqa’ (Rezo pidiendo lluvia)":"https://islamhouse.com/es/videos/453963/","Los dos rezos de ’id (salat ul ’id)":"https://islamhouse.com/es/videos/453961/","El rezo del eclipse":"https://islamhouse.com/es/videos/453959/","Salat ul yanaza (el rezo fúnebre)":"https://islamhouse.com/es/videos/453955/","Modales del As-Sala":"https://islamhouse.com/es/videos/453949/","Reglas legales del rezo":"https://islamhouse.com/es/videos/453945/","Al Imama (dirigir el rezo) y Al I’timam (seguir al imam en el rezo)":"https://islamhouse.com/es/videos/453943/","El Adhan y el Iqama":"https://islamhouse.com/es/videos/453941/","Costumbres de higiene personal":"https://islamhouse.com/es/videos/450442/","La ablución (Al Wudu’)":"https://islamhouse.com/es/videos/450440/","Frotar las medias de cuero (Al Juffain), los calcetines de tela (Al Yawrabain), el yeso, las vendas y cosas similares":"https://islamhouse.com/es/videos/450436/","Al Gusul (el baño)":"https://islamhouse.com/es/videos/450428/","La purificación y las aguas que sirven para ella":"https://islamhouse.com/es/videos/450426/","La menstruación, la metrorragia y el puerperio":"https://islamhouse.com/es/videos/450422/","At-Taiammum":"https://islamhouse.com/es/videos/450420/","Los recipientes":"https://islamhouse.com/es/videos/450412/","Restos líquidos":"https://islamhouse.com/es/videos/450406/","Preceptos relativos a defecar y orinar":"https://islamhouse.com/es/videos/450402/","Prescripciones sobre las inmundicias":"https://islamhouse.com/es/videos/450398/","Por qué los musulmanes realizan el Hajj?":"https://islamhouse.com/es/videos/443091/","Explicación de “Surat Al Fatiha” - 4":"https://islamhouse.com/es/videos/439495/","Explicación de “Surat Al Fatiha” - 3":"https://islamhouse.com/es/videos/439493/","Explicación de “Surat Al Fatiha” - 2":"https://islamhouse.com/es/videos/439491/","Explicación de “Surat Al Fatiha” - 1":"https://islamhouse.com/es/videos/439489/","Los males de la lengua y los corazones envenenados":"https://islamhouse.com/es/videos/439487/","El viaje de las almas tras la muerte":"https://islamhouse.com/es/videos/439470/","Ramadán Karim (22)":"https://islamhouse.com/es/videos/439418/","Ramadán Karim (21)":"https://islamhouse.com/es/videos/439416/","Ramadán Karim (20)":"https://islamhouse.com/es/videos/439414/","Ramadán Karim (19)":"https://islamhouse.com/es/videos/439412/","Ramadán Karim (18)":"https://islamhouse.com/es/videos/439410/","Ramadán Karim (17)":"https://islamhouse.com/es/videos/439408/","Ramadán Karim (16)":"https://islamhouse.com/es/videos/439406/","Ramadán Karim (15)":"https://islamhouse.com/es/videos/439404/","Ramadán Karim (14)":"https://islamhouse.com/es/videos/439402/","Ramadán Karim (13)":"https://islamhouse.com/es/videos/439400/","Ramadán Karim (12)":"https://islamhouse.com/es/videos/439397/","Ramadán Karim (11)":"https://islamhouse.com/es/videos/439395/","Víctimas de un amor enfermizo":"https://islamhouse.com/es/videos/439228/","Ramadán Karim (10)":"https://islamhouse.com/es/videos/434070/","Ramadán Karim (09)":"https://islamhouse.com/es/videos/434068/","Ramadán Karim (08)":"https://islamhouse.com/es/videos/434064/","Ramadán Karim (07)":"https://islamhouse.com/es/videos/434062/","Ramadán Karim (06)":"https://islamhouse.com/es/videos/434058/","Ramadán Karim (05)":"https://islamhouse.com/es/videos/433927/","Ramadán Karim (04)":"https://islamhouse.com/es/videos/433925/","Ramadán Karim (03)":"https://islamhouse.com/es/videos/433923/","Ramadán Karim (02)":"https://islamhouse.com/es/videos/433921/","Ramadán Karim (01)":"https://islamhouse.com/es/videos/433919/","Recitación de los Versos poéticos sobre Dhikr (Recordar a Al-lah)":"https://islamhouse.com/es/videos/419295/","Terapia contra las preocupaciones y tristezas":"https://islamhouse.com/es/videos/419293/","Y sé de aquellos que recuerdan a Al-láh":"https://islamhouse.com/es/videos/419291/","20 técnicas del Profeta para la educación 21":"https://islamhouse.com/es/videos/417604/","20 técnicas del Profeta para la educación - 2 4":"https://islamhouse.com/es/videos/417602/","20 técnicas del Profeta para la educación - 1 11":"https://islamhouse.com/es/videos/417600/","El día del Juicio Final":"https://islamhouse.com/es/videos/395940/","Convivencia pacífica, identidad islámica y divulgación del Islam en Occidente":"https://islamhouse.com/es/videos/395938/","El Matrimonio en el Islam":"https://islamhouse.com/es/videos/393468/","La compasión por los animales":"https://islamhouse.com/es/videos/391737/","Consejos del Profeta para el nuevo musulmán":"https://islamhouse.com/es/videos/385240/","El Hayy, día a día":"https://islamhouse.com/es/videos/381039/","No pensar mal del Prójimo":"https://islamhouse.com/es/videos/378547/","Los narcóticos y su efecto dañino en la sociedad":"https://islamhouse.com/es/videos/378545/","Los medios de comunicación y su efecto sobre la gente":"https://islamhouse.com/es/videos/373419/","Reforzando los lazos familiares":"https://islamhouse.com/es/videos/373417/","Advertencia contra las faltas al hablar":"https://islamhouse.com/es/videos/373413/","El Carnaval es opuesto al Islam":"https://islamhouse.com/es/videos/373411/","La Sinceridad":"https://islamhouse.com/es/videos/373409/","La misericordia como un valor humano":"https://islamhouse.com/es/videos/373293/","La vecindad y los derechos del vecino":"https://islamhouse.com/es/videos/373291/","Buscar el sustento lícito":"https://islamhouse.com/es/videos/373126/","Prepararse para la muerte":"https://islamhouse.com/es/videos/373122/","El recuerdo de Allah":"https://islamhouse.com/es/videos/373120/","La confianza en Allah":"https://islamhouse.com/es/videos/373118/","Enseñanzas de la Peregrinación":"https://islamhouse.com/es/videos/370792/","El amor por Allah y Su Mensajero":"https://islamhouse.com/es/videos/370786/","Jutba de ‘Id Al-Fiter":"https://islamhouse.com/es/videos/370784/","El ayuno del mes de Ramadán":"https://islamhouse.com/es/videos/370780/","Los derechos del Musulmán":"https://islamhouse.com/es/videos/370778/","La forma en que el Islam exalta y honra a la mujer":"https://islamhouse.com/es/videos/370776/","La importancia del consejo –nasiha-":"https://islamhouse.com/es/videos/370768/","Combatiendo la corrupción sexual":"https://islamhouse.com/es/videos/370766/","La buena compañía y su efecto en la persona":"https://islamhouse.com/es/videos/370764/","La verdadera vida es la futura":"https://islamhouse.com/es/videos/370762/","Recomendando la sinceridad y advirtiendo contra la mentira":"https://islamhouse.com/es/videos/370760/","La Taqwa y su importancia en la vida del musulmán":"https://islamhouse.com/es/videos/370758/","Los preceptos del funeral en el Islam":"https://islamhouse.com/es/videos/364853/","Diez remedios para protegerse de la brujería, el mal de ojo y la envidia":"https://islamhouse.com/es/videos/358836/","Como prevenir la violencia en el hogar":"https://islamhouse.com/es/videos/332895/","Cómo disfrutar de la oración - 30":"https://islamhouse.com/es/videos/332213/","Cómo disfrutar de la oración - 29":"https://islamhouse.com/es/videos/332211/","Cómo disfrutar de la oración - 28":"https://islamhouse.com/es/videos/332209/","Cómo disfrutar de la oración - 27":"https://islamhouse.com/es/videos/332207/","Cómo disfrutar de la oración - 26":"https://islamhouse.com/es/videos/332205/","Cómo disfrutar de la oración - 25":"https://islamhouse.com/es/videos/332203/","Cómo disfrutar de la oración - 24":"https://islamhouse.com/es/videos/332201/","Cómo disfrutar de la oración - 23":"https://islamhouse.com/es/videos/332199/","Cómo disfrutar de la oración - 22":"https://islamhouse.com/es/videos/332197/","Cómo disfrutar de la oración - 21":"https://islamhouse.com/es/videos/332195/","Cómo disfrutar de la oración - 20":"https://islamhouse.com/es/videos/332193/","Cómo disfrutar de la oración - 19":"https://islamhouse.com/es/videos/332191/","Cómo disfrutar de la oración - 18":"https://islamhouse.com/es/videos/332189/","Cómo disfrutar de la oración - 17":"https://islamhouse.com/es/videos/332187/","Cómo disfrutar de la oración - 16":"https://islamhouse.com/es/videos/332185/","Cómo disfrutar de la oración - 15":"https://islamhouse.com/es/videos/332183/","Cómo disfrutar de la oración - 14":"https://islamhouse.com/es/videos/332181/","Cómo disfrutar de la oración - 13":"https://islamhouse.com/es/videos/332179/","Cómo disfrutar de la oración - 12":"https://islamhouse.com/es/videos/332177/","Cómo disfrutar de la oración - 11":"https://islamhouse.com/es/videos/332175/","Cómo disfrutar de la oración - 10":"https://islamhouse.com/es/videos/332173/","Cómo disfrutar de la oración - 9":"https://islamhouse.com/es/videos/332171/","Cómo disfrutar de la oración - 8":"https://islamhouse.com/es/videos/332169/","Cómo disfrutar de la oración - 7":"https://islamhouse.com/es/videos/332165/","Cómo disfrutar de la oración - 6":"https://islamhouse.com/es/videos/332163/","Cómo disfrutar de la oración - 5":"https://islamhouse.com/es/videos/332161/","Cómo disfrutar de la oración - 4":"https://islamhouse.com/es/videos/332159/","Cómo disfrutar de la oración - 3 2":"https://islamhouse.com/es/videos/332157/","Cómo disfrutar de la oración - 2 11":"https://islamhouse.com/es/videos/332155/","Cómo disfrutar de la oración - 1 11":"https://islamhouse.com/es/videos/332153/","Principios para estudiar la biografía del profeta Muhammad, que la paz y las bendiciones de Allah sean con él":"https://islamhouse.com/es/videos/320593/","La vida del Profeta Muhammad, que la paz y las bendiciones de Allah sean con él, en la ciudad de Makkah":"https://islamhouse.com/es/videos/320591/","El desarrollo de la identidad del musulmán de habla hispana en Occidente":"https://islamhouse.com/es/videos/320126/","SEMINARIO ISLÁMICO EN MÉXICO":"https://islamhouse.com/es/videos/318788/","Las virtudes de buscar el conocimiento":"https://islamhouse.com/es/videos/287359/","Islam vs. Cultura":"https://islamhouse.com/es/videos/287355/","Raíces Islámicas en la cultura de España y América Latina":"https://islamhouse.com/es/videos/385258/","Principios islámicos para una convivencia pacífica en una sociedad pluralista con respeto a la diversidad":"https://islamhouse.com/es/videos/395944/","Mi camino hacia el Islam, Francisco Sandoval":"https://islamhouse.com/es/videos/385244/","Mi camino hacia el Islam, Musa Menacsas":"https://islamhouse.com/es/videos/385242/"}}}