{"guide-to-islam":[{"videos":{"¿Es Jesús Dios ?":"https://www.youtube.com/watch?v\u003dXgSD1ZHHL7s?origin\u003dhttps://plyr.io\u0026iv_load_policy\u003d3\u0026modestbranding\u003d1\u0026playsinline\u003d1\u0026showinfo\u003d0\u0026rel\u003d0\u0026enablejsapi\u003d1","¿Quién es Muhammad?":"https://www.youtube.com/watch?v\u003dw_N8ECaLl20?origin\u003dhttps://plyr.io\u0026iv_load_policy\u003d3\u0026modestbranding\u003d1\u0026playsinline\u003d1\u0026showinfo\u003d0\u0026rel\u003d0\u0026enablejsapi\u003d1","Por qué someterse a Allah?":"https://www.youtube.com/watch?v\u003dgKJsQGO9MdY\u0026feature\u003dyoutu.be?origin\u003dhttps://plyr.io\u0026iv_load_policy\u003d3\u0026modestbranding\u003d1\u0026playsinline\u003d1\u0026showinfo\u003d0\u0026rel\u003d0\u0026enablejsapi\u003d1","El Islam y el deseo prohibido":"https://www.youtube.com/watch?v\u003djMMnGOnC3EI\u0026feature\u003dyoutu.be?origin\u003dhttps://plyr.io\u0026iv_load_policy\u003d3\u0026modestbranding\u003d1\u0026playsinline\u003d1\u0026showinfo\u003d0\u0026rel\u003d0\u0026enablejsapi\u003d1","escucha con atención":"https://www.youtube.com/watch?v\u003dMgbgQIiChuc?origin\u003dhttps://plyr.io\u0026iv_load_policy\u003d3\u0026modestbranding\u003d1\u0026playsinline\u003d1\u0026showinfo\u003d0\u0026rel\u003d0\u0026enablejsapi\u003d1","-¿Es la homosexualidad un comportamiento normal?":"https://www.youtube.com/watch?v\u003dOYg_rZKrjmE\u0026list\u003dPLTX8fK_ip4oxt0d6e8SuKXqR6pYIOEBzO\u0026index\u003d18\u0026t\u003d6s?origin\u003dhttps://plyr.io\u0026iv_load_policy\u003d3\u0026modestbranding\u003d1\u0026playsinline\u003d1\u0026showinfo\u003d0\u0026rel\u003d0\u0026enablejsapi\u003d1","El ayuno y el Corán intercederán por los musulmanes en el Día del Juicio.":"https://www.youtube.com/watch?v\u003dxiZM0eIi0Jk?origin\u003dhttps://plyr.io\u0026iv_load_policy\u003d3\u0026modestbranding\u003d1\u0026playsinline\u003d1\u0026showinfo\u003d0\u0026rel\u003d0\u0026enablejsapi\u003d1","Un intercambio sin fracaso.":"https://www.youtube.com/watch?v\u003dwzcJVblIlgA?origin\u003dhttps://plyr.io\u0026iv_load_policy\u003d3\u0026modestbranding\u003d1\u0026playsinline\u003d1\u0026showinfo\u003d0\u0026rel\u003d0\u0026enablejsapi\u003d1","Oraciones por las necesidades de este mundo y el más allá.":"https://www.youtube.com/watch?v\u003dg9Zz0cG9wMU?origin\u003dhttps://plyr.io\u0026iv_load_policy\u003d3\u0026modestbranding\u003d1\u0026playsinline\u003d1\u0026showinfo\u003d0\u0026rel\u003d0\u0026enablejsapi\u003d1","Ayunar el día de Arafah":"https://www.youtube.com/watch?v\u003dCl1zodgOSjc?origin\u003dhttps://plyr.io\u0026iv_load_policy\u003d3\u0026modestbranding\u003d1\u0026playsinline\u003d1\u0026showinfo\u003d0\u0026rel\u003d0\u0026enablejsapi\u003d1","LA PARÁBOLA de aquellos que gastan sus bienes por la causa de Dios":"https://www.youtube.com/watch?v\u003d5WDGdaIje0M?origin\u003dhttps://plyr.io\u0026iv_load_policy\u003d3\u0026modestbranding\u003d1\u0026playsinline\u003d1\u0026showinfo\u003d0\u0026rel\u003d0\u0026enablejsapi\u003d1","Y considera cómo tu Sustentador ha inspirado a la abeja":"https://www.youtube.com/watch?v\u003dzHmMN3zuePU?origin\u003dhttps://plyr.io\u0026iv_load_policy\u003d3\u0026modestbranding\u003d1\u0026playsinline\u003d1\u0026showinfo\u003d0\u0026rel\u003d0\u0026enablejsapi\u003d1","El ángel Gabriel aconsejó al Profeta Muhammad ﷺ":"https://www.youtube.com/watch?v\u003dJUf-7LJlP9k?origin\u003dhttps://plyr.io\u0026iv_load_policy\u003d3\u0026modestbranding\u003d1\u0026playsinline\u003d1\u0026showinfo\u003d0\u0026rel\u003d0\u0026enablejsapi\u003d1","Quien vaya a un adivino":"https://www.youtube.com/watch?v\u003d9-KA7_c43ko?origin\u003dhttps://plyr.io\u0026iv_load_policy\u003d3\u0026modestbranding\u003d1\u0026playsinline\u003d1\u0026showinfo\u003d0\u0026rel\u003d0\u0026enablejsapi\u003d1","El infierno se quejó a su Señor":"https://www.youtube.com/watch?v\u003dywhjiOVsois?origin\u003dhttps://plyr.io\u0026iv_load_policy\u003d3\u0026modestbranding\u003d1\u0026playsinline\u003d1\u0026showinfo\u003d0\u0026rel\u003d0\u0026enablejsapi\u003d1","Dos palabras son amadas por el Más Misericordioso":"https://www.youtube.com/watch?v\u003dQct_8E8XvhU?origin\u003dhttps://plyr.io\u0026iv_load_policy\u003d3\u0026modestbranding\u003d1\u0026playsinline\u003d1\u0026showinfo\u003d0\u0026rel\u003d0\u0026enablejsapi\u003d1","¿cuál de las personas es la mejor":"https://www.youtube.com/watch?v\u003dART0NZ4xoXE?origin\u003dhttps://plyr.io\u0026iv_load_policy\u003d3\u0026modestbranding\u003d1\u0026playsinline\u003d1\u0026showinfo\u003d0\u0026rel\u003d0\u0026enablejsapi\u003d1","La gentileza beneficia a una casa":"https://www.youtube.com/watch?v\u003d_S-4tE7Ikcw?origin\u003dhttps://plyr.io\u0026iv_load_policy\u003d3\u0026modestbranding\u003d1\u0026playsinline\u003d1\u0026showinfo\u003d0\u0026rel\u003d0\u0026enablejsapi\u003d1","La mejor recompensa por la oración":"https://www.youtube.com/watch?v\u003diZr7AP2IR0c?origin\u003dhttps://plyr.io\u0026iv_load_policy\u003d3\u0026modestbranding\u003d1\u0026playsinline\u003d1\u0026showinfo\u003d0\u0026rel\u003d0\u0026enablejsapi\u003d1","Sean siervos de Allah, como hermanos":"https://www.youtube.com/watch?v\u003dSVqieBkSF5Q?origin\u003dhttps://plyr.io\u0026iv_load_policy\u003d3\u0026modestbranding\u003d1\u0026playsinline\u003d1\u0026showinfo\u003d0\u0026rel\u003d0\u0026enablejsapi\u003d1","Quien tenga tres hijas":"https://www.youtube.com/watch?v\u003d-iQj2RMAG1M?origin\u003dhttps://plyr.io\u0026iv_load_policy\u003d3\u0026modestbranding\u003d1\u0026playsinline\u003d1\u0026showinfo\u003d0\u0026rel\u003d0\u0026enablejsapi\u003d1","¡No desesperéis de la misericordia de Dios":"https://www.youtube.com/watch?v\u003dh9MsxBZ12sA?origin\u003dhttps://plyr.io\u0026iv_load_policy\u003d3\u0026modestbranding\u003d1\u0026playsinline\u003d1\u0026showinfo\u003d0\u0026rel\u003d0\u0026enablejsapi\u003d1","La sonrisa es caridad":"https://www.youtube.com/watch?v\u003dqJTVehC_uxY?origin\u003dhttps://plyr.io\u0026iv_load_policy\u003d3\u0026modestbranding\u003d1\u0026playsinline\u003d1\u0026showinfo\u003d0\u0026rel\u003d0\u0026enablejsapi\u003d1","Entre la creencia y la incredulidad":"https://www.youtube.com/watch?v\u003doGVfz9lJ2RU?origin\u003dhttps://plyr.io\u0026iv_load_policy\u003d3\u0026modestbranding\u003d1\u0026playsinline\u003d1\u0026showinfo\u003d0\u0026rel\u003d0\u0026enablejsapi\u003d1","Lo mejor de tus obras":"https://www.youtube.com/watch?v\u003dfmbiGV1m7vE?origin\u003dhttps://plyr.io\u0026iv_load_policy\u003d3\u0026modestbranding\u003d1\u0026playsinline\u003d1\u0026showinfo\u003d0\u0026rel\u003d0\u0026enablejsapi\u003d1","Valores del Ramadan 21 \"Eid El Fitr\"":"https://www.youtube.com/watch?v\u003dJYHDTdka25s?origin\u003dhttps://plyr.io\u0026iv_load_policy\u003d3\u0026modestbranding\u003d1\u0026playsinline\u003d1\u0026showinfo\u003d0\u0026rel\u003d0\u0026enablejsapi\u003d1","Valores del Ramadan 20 \"La Fortaleza\"":"https://www.youtube.com/watch?v\u003dw7fJpoh13lY?origin\u003dhttps://plyr.io\u0026iv_load_policy\u003d3\u0026modestbranding\u003d1\u0026playsinline\u003d1\u0026showinfo\u003d0\u0026rel\u003d0\u0026enablejsapi\u003d1","Valores del Ramadan19 \"La Humildad\"":"https://www.youtube.com/watch?v\u003d8w847n-0erM?origin\u003dhttps://plyr.io\u0026iv_load_policy\u003d3\u0026modestbranding\u003d1\u0026playsinline\u003d1\u0026showinfo\u003d0\u0026rel\u003d0\u0026enablejsapi\u003d1","Valores del Ramadan 18 \"La noche del decreto\"":"https://www.youtube.com/watch?v\u003d5dyWM0d_jSE?origin\u003dhttps://plyr.io\u0026iv_load_policy\u003d3\u0026modestbranding\u003d1\u0026playsinline\u003d1\u0026showinfo\u003d0\u0026rel\u003d0\u0026enablejsapi\u003d1","Valores del Ramadan 17 \"La Familia\"":"https://www.youtube.com/watch?v\u003ddQZD-nyl4f8?origin\u003dhttps://plyr.io\u0026iv_load_policy\u003d3\u0026modestbranding\u003d1\u0026playsinline\u003d1\u0026showinfo\u003d0\u0026rel\u003d0\u0026enablejsapi\u003d1","Valores del Ramadan 16 \"Consumo y Despilfarro\"":"https://www.youtube.com/watch?v\u003dE9LJYinDAJM?origin\u003dhttps://plyr.io\u0026iv_load_policy\u003d3\u0026modestbranding\u003d1\u0026playsinline\u003d1\u0026showinfo\u003d0\u0026rel\u003d0\u0026enablejsapi\u003d1","Valores del Ramadan 15 \"Equilibrio\"":"https://www.youtube.com/watch?v\u003da_LFiH7ixng?origin\u003dhttps://plyr.io\u0026iv_load_policy\u003d3\u0026modestbranding\u003d1\u0026playsinline\u003d1\u0026showinfo\u003d0\u0026rel\u003d0\u0026enablejsapi\u003d1","Valores del Ramadan 14 \"Inteligencia Emocional\"":"https://www.youtube.com/watch?v\u003degqXSymZ_t8?origin\u003dhttps://plyr.io\u0026iv_load_policy\u003d3\u0026modestbranding\u003d1\u0026playsinline\u003d1\u0026showinfo\u003d0\u0026rel\u003d0\u0026enablejsapi\u003d1","Valores del Ramadan 13 \"La Paciencia\"":"https://www.youtube.com/watch?v\u003dFVCjYWezP-8?origin\u003dhttps://plyr.io\u0026iv_load_policy\u003d3\u0026modestbranding\u003d1\u0026playsinline\u003d1\u0026showinfo\u003d0\u0026rel\u003d0\u0026enablejsapi\u003d1","Valores del Ramadan 12 \"La Yihad\"":"https://www.youtube.com/watch?v\u003deUv3qYoyd50\u0026t\u003d11s?origin\u003dhttps://plyr.io\u0026iv_load_policy\u003d3\u0026modestbranding\u003d1\u0026playsinline\u003d1\u0026showinfo\u003d0\u0026rel\u003d0\u0026enablejsapi\u003d1","Valores del Ramadan 11 \"Confianza en Dios\"":"https://www.youtube.com/watch?v\u003daBTSmpPDVEU?origin\u003dhttps://plyr.io\u0026iv_load_policy\u003d3\u0026modestbranding\u003d1\u0026playsinline\u003d1\u0026showinfo\u003d0\u0026rel\u003d0\u0026enablejsapi\u003d1","Valores del Ramadan 10 \"El Perdón\"":"https://www.youtube.com/watch?v\u003dc-r4by__MTE\u0026t\u003d8s?origin\u003dhttps://plyr.io\u0026iv_load_policy\u003d3\u0026modestbranding\u003d1\u0026playsinline\u003d1\u0026showinfo\u003d0\u0026rel\u003d0\u0026enablejsapi\u003d1","Valores del Ramadan 9 \"El Tiempo\"":"https://www.youtube.com/watch?v\u003dl17CGg6iXY4?origin\u003dhttps://plyr.io\u0026iv_load_policy\u003d3\u0026modestbranding\u003d1\u0026playsinline\u003d1\u0026showinfo\u003d0\u0026rel\u003d0\u0026enablejsapi\u003d1","Valores del Ramadan 8 \"Paz\"":"https://www.youtube.com/watch?v\u003dG7dr8Q_NgZ4?origin\u003dhttps://plyr.io\u0026iv_load_policy\u003d3\u0026modestbranding\u003d1\u0026playsinline\u003d1\u0026showinfo\u003d0\u0026rel\u003d0\u0026enablejsapi\u003d1","Valores del Ramadan 7 \"Purificación\"":"https://www.youtube.com/watch?v\u003dQBUcYEAzMgY?origin\u003dhttps://plyr.io\u0026iv_load_policy\u003d3\u0026modestbranding\u003d1\u0026playsinline\u003d1\u0026showinfo\u003d0\u0026rel\u003d0\u0026enablejsapi\u003d1","Valores del Ramadan 6 \"Igualdad\"":"https://www.youtube.com/watch?v\u003drBNwoP3Oz1A?origin\u003dhttps://plyr.io\u0026iv_load_policy\u003d3\u0026modestbranding\u003d1\u0026playsinline\u003d1\u0026showinfo\u003d0\u0026rel\u003d0\u0026enablejsapi\u003d1","Valores del Ramadan 5 \"Hermandad\"":"https://www.youtube.com/watch?v\u003dk5Ps1p6v328?origin\u003dhttps://plyr.io\u0026iv_load_policy\u003d3\u0026modestbranding\u003d1\u0026playsinline\u003d1\u0026showinfo\u003d0\u0026rel\u003d0\u0026enablejsapi\u003d1","Valores del Ramadan 3 \"Taqwa\"":"https://www.youtube.com/watch?v\u003dOwtKMkvI8vo?origin\u003dhttps://plyr.io\u0026iv_load_policy\u003d3\u0026modestbranding\u003d1\u0026playsinline\u003d1\u0026showinfo\u003d0\u0026rel\u003d0\u0026enablejsapi\u003d1","Valores del Ramadan 2 \"Verbos para Conjugar\"":"https://www.youtube.com/watch?v\u003dLTatrY0IdGI?origin\u003dhttps://plyr.io\u0026iv_load_policy\u003d3\u0026modestbranding\u003d1\u0026playsinline\u003d1\u0026showinfo\u003d0\u0026rel\u003d0\u0026enablejsapi\u003d1","Valores de Ramadán 1 \"Introducción\"":"https://www.youtube.com/watch?v\u003dyz34lsfLTi4?origin\u003dhttps://plyr.io\u0026iv_load_policy\u003d3\u0026modestbranding\u003d1\u0026playsinline\u003d1\u0026showinfo\u003d0\u0026rel\u003d0\u0026enablejsapi\u003d1","El camino hacia la supervivencia en medio de la pandemia de COVID 19":"https://www.youtube.com/watch?v\u003dW0ICPYVx0dc\u0026t\u003d51s?origin\u003dhttps://plyr.io\u0026iv_load_policy\u003d3\u0026modestbranding\u003d1\u0026playsinline\u003d1\u0026showinfo\u003d0\u0026rel\u003d0\u0026enablejsapi\u003d1","Concepto erróneo - 4 “El Islam se extendió a través de la espada?”":"https://www.youtube.com/watch?v\u003dez1WwwDj4yA\u0026list\u003dPLTX8fK_ip4owl0a0n-iWJT7X2LfsS6Gsh\u0026index\u003d4?origin\u003dhttps://plyr.io\u0026iv_load_policy\u003d3\u0026modestbranding\u003d1\u0026playsinline\u003d1\u0026showinfo\u003d0\u0026rel\u003d0\u0026enablejsapi\u003d1","La herencia de una mujer":"https://www.youtube.com/watch?v\u003dhH4PHcAV2Fs\u0026list\u003dPLTX8fK_ip4oxt0d6e8SuKXqR6pYIOEBzO\u0026index\u003d3\u0026t\u003d86s?origin\u003dhttps://plyr.io\u0026iv_load_policy\u003d3\u0026modestbranding\u003d1\u0026playsinline\u003d1\u0026showinfo\u003d0\u0026rel\u003d0\u0026enablejsapi\u003d1","¿Sabes qué es el Corán ?":"https://www.youtube.com/watch?v\u003dvCL6PZr6x1Q\u0026list\u003dPLTX8fK_ip4oxt0d6e8SuKXqR6pYIOEBzO\u0026index\u003d2\u0026t\u003d14s?origin\u003dhttps://plyr.io\u0026iv_load_policy\u003d3\u0026modestbranding\u003d1\u0026playsinline\u003d1\u0026showinfo\u003d0\u0026rel\u003d0\u0026enablejsapi\u003d1","La Codicia":"https://www.youtube.com/watch?v\u003dl41D1kHsCbg\u0026list\u003dPLTX8fK_ip4oxt0d6e8SuKXqR6pYIOEBzO\u0026index\u003d5\u0026t\u003d103s?origin\u003dhttps://plyr.io\u0026iv_load_policy\u003d3\u0026modestbranding\u003d1\u0026playsinline\u003d1\u0026showinfo\u003d0\u0026rel\u003d0\u0026enablejsapi\u003d1","El honor de los profetas":"https://www.youtube.com/watch?v\u003dVq7SLM-fFGk\u0026list\u003dPLTX8fK_ip4oxt0d6e8SuKXqR6pYIOEBzO\u0026index\u003d4?origin\u003dhttps://plyr.io\u0026iv_load_policy\u003d3\u0026modestbranding\u003d1\u0026playsinline\u003d1\u0026showinfo\u003d0\u0026rel\u003d0\u0026enablejsapi\u003d1","Eres musulmán... Sé orgulloso":"https://www.youtube.com/watch?v\u003dHgfbfHmCfr8\u0026list\u003dPLTX8fK_ip4oxt0d6e8SuKXqR6pYIOEBzO\u0026index\u003d9\u0026t\u003d64s?origin\u003dhttps://plyr.io\u0026iv_load_policy\u003d3\u0026modestbranding\u003d1\u0026playsinline\u003d1\u0026showinfo\u003d0\u0026rel\u003d0\u0026enablejsapi\u003d1","Derechos humanos oprimidos":"https://www.youtube.com/watch?v\u003dWa9BHtUNbvU\u0026list\u003dPLTX8fK_ip4oxt0d6e8SuKXqR6pYIOEBzO\u0026index\u003d6?origin\u003dhttps://plyr.io\u0026iv_load_policy\u003d3\u0026modestbranding\u003d1\u0026playsinline\u003d1\u0026showinfo\u003d0\u0026rel\u003d0\u0026enablejsapi\u003d1","La Historia de Jesús":"https://www.youtube.com/watch?v\u003dwKf-HRcxl-Y\u0026list\u003dPLTX8fK_ip4oxt0d6e8SuKXqR6pYIOEBzO\u0026index\u003d13\u0026t\u003d397s?origin\u003dhttps://plyr.io\u0026iv_load_policy\u003d3\u0026modestbranding\u003d1\u0026playsinline\u003d1\u0026showinfo\u003d0\u0026rel\u003d0\u0026enablejsapi\u003d1","El estatus de la mujer en el Islam en comparación con otras civilizaciones y religiones":"https://www.youtube.com/watch?v\u003de0578A7NKV4\u0026feature\u003dyoutu.be?origin\u003dhttps://plyr.io\u0026iv_load_policy\u003d3\u0026modestbranding\u003d1\u0026playsinline\u003d1\u0026showinfo\u003d0\u0026rel\u003d0\u0026enablejsapi\u003d1","Por qué los musulmanes realizan el Hajj?":"https://www.youtube.com/watch?v\u003dPbeSfey8-xw\u0026list\u003dPLTX8fK_ip4oxKMCkQqjQcVNVDTOpI6DEo\u0026index\u003d2?origin\u003dhttps://plyr.io\u0026iv_load_policy\u003d3\u0026modestbranding\u003d1\u0026playsinline\u003d1\u0026showinfo\u003d0\u0026rel\u003d0\u0026enablejsapi\u003d1","No deje que los medios que engañan":"https://www.youtube.com/watch?v\u003demJJdNk5YXM\u0026feature\u003dyoutu.be?origin\u003dhttps://plyr.io\u0026iv_load_policy\u003d3\u0026modestbranding\u003d1\u0026playsinline\u003d1\u0026showinfo\u003d0\u0026rel\u003d0\u0026enablejsapi\u003d1","Dios a través de la historia":"https://www.youtube.com/watch?v\u003dEjHb1gmAYX4\u0026feature\u003dyoutu.be?origin\u003dhttps://plyr.io\u0026iv_load_policy\u003d3\u0026modestbranding\u003d1\u0026playsinline\u003d1\u0026showinfo\u003d0\u0026rel\u003d0\u0026enablejsapi\u003d1","musulmanes nuevo viaje":"https://www.youtube.com/watch?v\u003dNkyZ1jmHIIc\u0026feature\u003dyoutu.be?origin\u003dhttps://plyr.io\u0026iv_load_policy\u003d3\u0026modestbranding\u003d1\u0026playsinline\u003d1\u0026showinfo\u003d0\u0026rel\u003d0\u0026enablejsapi\u003d1","islámica Edad de Oro":"https://www.youtube.com/watch?v\u003d5zL3JX-0s1U\u0026list\u003dPLTX8fK_ip4oxt0d6e8SuKXqR6pYIOEBzO\u0026index\u003d17\u0026t\u003d8s?origin\u003dhttps://plyr.io\u0026iv_load_policy\u003d3\u0026modestbranding\u003d1\u0026playsinline\u003d1\u0026showinfo\u003d0\u0026rel\u003d0\u0026enablejsapi\u003d1","Newton ... y la Trinidad":"https://www.youtube.com/watch?v\u003dcU3f6hHXS-E\u0026feature\u003dyoutu.be?origin\u003dhttps://plyr.io\u0026iv_load_policy\u003d3\u0026modestbranding\u003d1\u0026playsinline\u003d1\u0026showinfo\u003d0\u0026rel\u003d0\u0026enablejsapi\u003d1","¿Es la homosexualidad un comportamiento normal?":"https://www.youtube.com/watch?v\u003dOYg_rZKrjmE\u0026feature\u003dyoutu.be?origin\u003dhttps://plyr.io\u0026iv_load_policy\u003d3\u0026modestbranding\u003d1\u0026playsinline\u003d1\u0026showinfo\u003d0\u0026rel\u003d0\u0026enablejsapi\u003d1","10 verdades sobre Jesús":"https://www.youtube.com/watch?v\u003dnugjMimmqrU\u0026list\u003dPLTX8fK_ip4oxU70uhJ5vMQUa6OfMCf4jy\u0026index\u003d3?origin\u003dhttps://plyr.io\u0026iv_load_policy\u003d3\u0026modestbranding\u003d1\u0026playsinline\u003d1\u0026showinfo\u003d0\u0026rel\u003d0\u0026enablejsapi\u003d1","Quién es el Profeta Muhammad":"https://www.youtube.com/watch?v\u003dWx84lcIal-g\u0026index\u003d8\u0026list\u003dPLuyR-XbTtEYLZnU_utzdtnEtMUc6g8P_9?origin\u003dhttps://plyr.io\u0026iv_load_policy\u003d3\u0026modestbranding\u003d1\u0026playsinline\u003d1\u0026showinfo\u003d0\u0026rel\u003d0\u0026enablejsapi\u003d1","Mensaje para un Ateo":"https://www.youtube.com/watch?v\u003dXxkgmq56-cU\u0026list\u003dPLuyR-XbTtEYLZnU_utzdtnEtMUc6g8P_9\u0026index\u003d2?origin\u003dhttps://plyr.io\u0026iv_load_policy\u003d3\u0026modestbranding\u003d1\u0026playsinline\u003d1\u0026showinfo\u003d0\u0026rel\u003d0\u0026enablejsapi\u003d1","El Hayy, día a día":"https://www.youtube.com/watch?v\u003dlmAkT2WCNwc\u0026index\u003d14\u0026list\u003dPLuyR-XbTtEYLZnU_utzdtnEtMUc6g8P_9?origin\u003dhttps://plyr.io\u0026iv_load_policy\u003d3\u0026modestbranding\u003d1\u0026playsinline\u003d1\u0026showinfo\u003d0\u0026rel\u003d0\u0026enablejsapi\u003d1","Por qué elegí el Islam":"https://www.youtube.com/watch?v\u003diLO9o0T8oQ4\u0026list\u003dPLuyR-XbTtEYLZnU_utzdtnEtMUc6g8P_9\u0026index\u003d18?origin\u003dhttps://plyr.io\u0026iv_load_policy\u003d3\u0026modestbranding\u003d1\u0026playsinline\u003d1\u0026showinfo\u003d0\u0026rel\u003d0\u0026enablejsapi\u003d1","La Realidad de la vida":"https://www.youtube.com/watch?v\u003dcqTdtcgpqpw\u0026t\u003d0s\u0026list\u003dPLuyR-XbTtEYLZnU_utzdtnEtMUc6g8P_9\u0026index\u003d20?origin\u003dhttps://plyr.io\u0026iv_load_policy\u003d3\u0026modestbranding\u003d1\u0026playsinline\u003d1\u0026showinfo\u003d0\u0026rel\u003d0\u0026enablejsapi\u003d1","Dios A Través de la Historia":"https://www.youtube.com/watch?v\u003d4Eyp_81IYiA\u0026t\u003d49s?origin\u003dhttps://plyr.io\u0026iv_load_policy\u003d3\u0026modestbranding\u003d1\u0026playsinline\u003d1\u0026showinfo\u003d0\u0026rel\u003d0\u0026enablejsapi\u003d1","Reflexiones sobre el ´Eid-al-Adha.\" (2ª entrega)":"https://www.youtube.com/watch?v\u003dPUIXvAZqTPE?origin\u003dhttps://plyr.io\u0026iv_load_policy\u003d3\u0026modestbranding\u003d1\u0026playsinline\u003d1\u0026showinfo\u003d0\u0026rel\u003d0\u0026enablejsapi\u003d1","Reflexiones sobre el ´Eid-al-Adha.\" (1ª entrega)":"https://www.youtube.com/watch?v\u003d-T-C8HmyMAk?origin\u003dhttps://plyr.io\u0026iv_load_policy\u003d3\u0026modestbranding\u003d1\u0026playsinline\u003d1\u0026showinfo\u003d0\u0026rel\u003d0\u0026enablejsapi\u003d1","Mujeres en el Islam Disertante":"https://www.youtube.com/watch?v\u003dFNGYp_ztZqs?origin\u003dhttps://plyr.io\u0026iv_load_policy\u003d3\u0026modestbranding\u003d1\u0026playsinline\u003d1\u0026showinfo\u003d0\u0026rel\u003d0\u0026enablejsapi\u003d1","Definición de la palabra de Majestad y el significado de Basmalah":"https://www.youtube.com/watch?v\u003dyk7hc3u5ajc?origin\u003dhttps://plyr.io\u0026iv_load_policy\u003d3\u0026modestbranding\u003d1\u0026playsinline\u003d1\u0026showinfo\u003d0\u0026rel\u003d0\u0026enablejsapi\u003d1","Introducción al Credo islámico":"https://www.youtube.com/watch?v\u003dDpGTjobf5dM?origin\u003dhttps://plyr.io\u0026iv_load_policy\u003d3\u0026modestbranding\u003d1\u0026playsinline\u003d1\u0026showinfo\u003d0\u0026rel\u003d0\u0026enablejsapi\u003d1","Definición del Credo Islámico":"https://www.youtube.com/watch?v\u003d2ulRdbu3D6k?origin\u003dhttps://plyr.io\u0026iv_load_policy\u003d3\u0026modestbranding\u003d1\u0026playsinline\u003d1\u0026showinfo\u003d0\u0026rel\u003d0\u0026enablejsapi\u003d1","Definición de la unificación de la divinidad y la unificación de nombres y atributos":"https://www.youtube.com/watch?v\u003db-sZHdZX4tk?origin\u003dhttps://plyr.io\u0026iv_load_policy\u003d3\u0026modestbranding\u003d1\u0026playsinline\u003d1\u0026showinfo\u003d0\u0026rel\u003d0\u0026enablejsapi\u003d1","Definición de politeísmo y sus divisiones":"https://www.youtube.com/watch?v\u003dFKpCrnHAXo0?origin\u003dhttps://plyr.io\u0026iv_load_policy\u003d3\u0026modestbranding\u003d1\u0026playsinline\u003d1\u0026showinfo\u003d0\u0026rel\u003d0\u0026enablejsapi\u003d1","Definición de fe y sus secciones":"https://www.youtube.com/watch?v\u003d4QNw_qDM1CY?origin\u003dhttps://plyr.io\u0026iv_load_policy\u003d3\u0026modestbranding\u003d1\u0026playsinline\u003d1\u0026showinfo\u003d0\u0026rel\u003d0\u0026enablejsapi\u003d1","Definición de Tawhid y sus Secciones":"https://www.youtube.com/watch?v\u003d7acv_9SOM-8?origin\u003dhttps://plyr.io\u0026iv_load_policy\u003d3\u0026modestbranding\u003d1\u0026playsinline\u003d1\u0026showinfo\u003d0\u0026rel\u003d0\u0026enablejsapi\u003d1","Modales del As-Sala":"https://www.youtube.com/watch?v\u003dDqemckgfQCw?origin\u003dhttps://plyr.io\u0026iv_load_policy\u003d3\u0026modestbranding\u003d1\u0026playsinline\u003d1\u0026showinfo\u003d0\u0026rel\u003d0\u0026enablejsapi\u003d1","El I\u0027tikaf (retiro devocional en la mezquita)":"https://www.youtube.com/watch?v\u003dL-r6w12D2F4?origin\u003dhttps://plyr.io\u0026iv_load_policy\u003d3\u0026modestbranding\u003d1\u0026playsinline\u003d1\u0026showinfo\u003d0\u0026rel\u003d0\u0026enablejsapi\u003d1","La noche del destino (Lailat ul Qadr)":"https://www.youtube.com/watch?v\u003dhgTz7t8tPFg?origin\u003dhttps://plyr.io\u0026iv_load_policy\u003d3\u0026modestbranding\u003d1\u0026playsinline\u003d1\u0026showinfo\u003d0\u0026rel\u003d0\u0026enablejsapi\u003d1","Excusas para suspender el ayuno en Ramadán":"https://www.youtube.com/watch?v\u003dS-gNxWAS7GE?origin\u003dhttps://plyr.io\u0026iv_load_policy\u003d3\u0026modestbranding\u003d1\u0026playsinline\u003d1\u0026showinfo\u003d0\u0026rel\u003d0\u0026enablejsapi\u003d1","Virtudes del ayuno y su estatus en la Shari’a":"https://www.youtube.com/watch?v\u003dItWnPhj2NhU?origin\u003dhttps://plyr.io\u0026iv_load_policy\u003d3\u0026modestbranding\u003d1\u0026playsinline\u003d1\u0026showinfo\u003d0\u0026rel\u003d0\u0026enablejsapi\u003d1","Jutba de ‘Id Al-Fiter":"https://www.youtube.com/watch?v\u003dJFSYKM3svMI?origin\u003dhttps://plyr.io\u0026iv_load_policy\u003d3\u0026modestbranding\u003d1\u0026playsinline\u003d1\u0026showinfo\u003d0\u0026rel\u003d0\u0026enablejsapi\u003d1","Los derechos del Musulmán":"https://www.youtube.com/watch?v\u003dZ8kl-Y1FWQ8?origin\u003dhttps://plyr.io\u0026iv_load_policy\u003d3\u0026modestbranding\u003d1\u0026playsinline\u003d1\u0026showinfo\u003d0\u0026rel\u003d0\u0026enablejsapi\u003d1","Aferrarse al Tawhid":"https://www.youtube.com/watch?v\u003dMnZ0GeWL0x0?origin\u003dhttps://plyr.io\u0026iv_load_policy\u003d3\u0026modestbranding\u003d1\u0026playsinline\u003d1\u0026showinfo\u003d0\u0026rel\u003d0\u0026enablejsapi\u003d1","Una invitación a reflexionar":"https://www.youtube.com/watch?v\u003dSRFVXzlATXc?origin\u003dhttps://plyr.io\u0026iv_load_policy\u003d3\u0026modestbranding\u003d1\u0026playsinline\u003d1\u0026showinfo\u003d0\u0026rel\u003d0\u0026enablejsapi\u003d1","Reflexiones en la creación de Dios":"https://www.youtube.com/watch?v\u003dBipqYY_M7BI?origin\u003dhttps://plyr.io\u0026iv_load_policy\u003d3\u0026modestbranding\u003d1\u0026playsinline\u003d1\u0026showinfo\u003d0\u0026rel\u003d0\u0026enablejsapi\u003d1","Cómo hacer la ablución":"https://www.youtube.com/watch?v\u003dTbw_ioQGixM?origin\u003dhttps://plyr.io\u0026iv_load_policy\u003d3\u0026modestbranding\u003d1\u0026playsinline\u003d1\u0026showinfo\u003d0\u0026rel\u003d0\u0026enablejsapi\u003d1","Y ellos dicen que él es malo":"https://www.youtube.com/watch?v\u003dwrhVkzr06Mo?origin\u003dhttps://plyr.io\u0026iv_load_policy\u003d3\u0026modestbranding\u003d1\u0026playsinline\u003d1\u0026showinfo\u003d0\u0026rel\u003d0\u0026enablejsapi\u003d1","El hombre que nunca miente! Cortometraje histórico.":"https://www.youtube.com/watch?v\u003dV9tozcQbzfs?origin\u003dhttps://plyr.io\u0026iv_load_policy\u003d3\u0026modestbranding\u003d1\u0026playsinline\u003d1\u0026showinfo\u003d0\u0026rel\u003d0\u0026enablejsapi\u003d1","¡Jesús era musulmán!":"https://www.youtube.com/watch?v\u003dEFZv8TxhM-A?origin\u003dhttps://plyr.io\u0026iv_load_policy\u003d3\u0026modestbranding\u003d1\u0026playsinline\u003d1\u0026showinfo\u003d0\u0026rel\u003d0\u0026enablejsapi\u003d1","Religión extraña!":"https://www.youtube.com/watch?v\u003dHzYVjxfgJLI?origin\u003dhttps://plyr.io\u0026iv_load_policy\u003d3\u0026modestbranding\u003d1\u0026playsinline\u003d1\u0026showinfo\u003d0\u0026rel\u003d0\u0026enablejsapi\u003d1","Lavado de Cerebro!!!":"https://www.youtube.com/watch?v\u003doxyRd65ZXaQ?origin\u003dhttps://plyr.io\u0026iv_load_policy\u003d3\u0026modestbranding\u003d1\u0026playsinline\u003d1\u0026showinfo\u003d0\u0026rel\u003d0\u0026enablejsapi\u003d1","5 Pasos para volverse Musulmán":"https://www.youtube.com/watch?v\u003dv0yhny4jySM?origin\u003dhttps://plyr.io\u0026iv_load_policy\u003d3\u0026modestbranding\u003d1\u0026playsinline\u003d1\u0026showinfo\u003d0\u0026rel\u003d0\u0026enablejsapi\u003d1","Prepararse para la Muerte":"https://www.youtube.com/watch?v\u003dnkVzC6rrOGI?origin\u003dhttps://plyr.io\u0026iv_load_policy\u003d3\u0026modestbranding\u003d1\u0026playsinline\u003d1\u0026showinfo\u003d0\u0026rel\u003d0\u0026enablejsapi\u003d1","La Vida después de la Muerte":"https://www.youtube.com/watch?v\u003dUjyRHd-cht0?origin\u003dhttps://plyr.io\u0026iv_load_policy\u003d3\u0026modestbranding\u003d1\u0026playsinline\u003d1\u0026showinfo\u003d0\u0026rel\u003d0\u0026enablejsapi\u003d1","Los Derechos Humanos (en el Islam)":"https://www.youtube.com/watch?v\u003dRSnnQ37c7Gs?origin\u003dhttps://plyr.io\u0026iv_load_policy\u003d3\u0026modestbranding\u003d1\u0026playsinline\u003d1\u0026showinfo\u003d0\u0026rel\u003d0\u0026enablejsapi\u003d1","La Obediencia y el Respeto a los Padres":"https://www.youtube.com/watch?v\u003dLTaYsU7bQec?origin\u003dhttps://plyr.io\u0026iv_load_policy\u003d3\u0026modestbranding\u003d1\u0026playsinline\u003d1\u0026showinfo\u003d0\u0026rel\u003d0\u0026enablejsapi\u003d1","El Matrimonio en el Islam, Conferencia":"https://www.youtube.com/watch?v\u003dfsDi074QVgk?origin\u003dhttps://plyr.io\u0026iv_load_policy\u003d3\u0026modestbranding\u003d1\u0026playsinline\u003d1\u0026showinfo\u003d0\u0026rel\u003d0\u0026enablejsapi\u003d1","El Matrimonio en el Islam":"https://www.youtube.com/watch?v\u003dxqrzmMQjzDs?origin\u003dhttps://plyr.io\u0026iv_load_policy\u003d3\u0026modestbranding\u003d1\u0026playsinline\u003d1\u0026showinfo\u003d0\u0026rel\u003d0\u0026enablejsapi\u003d1","La Mujer en el Islam II":"https://www.youtube.com/watch?v\u003diJfdVwupg_s?origin\u003dhttps://plyr.io\u0026iv_load_policy\u003d3\u0026modestbranding\u003d1\u0026playsinline\u003d1\u0026showinfo\u003d0\u0026rel\u003d0\u0026enablejsapi\u003d1","La Mujer en el Islam":"https://www.youtube.com/watch?v\u003dWisxIBfYI90?origin\u003dhttps://plyr.io\u0026iv_load_policy\u003d3\u0026modestbranding\u003d1\u0026playsinline\u003d1\u0026showinfo\u003d0\u0026rel\u003d0\u0026enablejsapi\u003d1","La Belleza de la Familia en el Islam":"https://www.youtube.com/watch?v\u003dv5dr26VLxmY?origin\u003dhttps://plyr.io\u0026iv_load_policy\u003d3\u0026modestbranding\u003d1\u0026playsinline\u003d1\u0026showinfo\u003d0\u0026rel\u003d0\u0026enablejsapi\u003d1","¿Qué Creen los Musulmanes acerca de Jesús, el hijo de María?":"https://www.youtube.com/watch?v\u003dQN1DZa50HWw?origin\u003dhttps://plyr.io\u0026iv_load_policy\u003d3\u0026modestbranding\u003d1\u0026playsinline\u003d1\u0026showinfo\u003d0\u0026rel\u003d0\u0026enablejsapi\u003d1","Diferencia entre Quran y Hadiz":"https://www.youtube.com/watch?v\u003dPJJkXb0vTpg?origin\u003dhttps://plyr.io\u0026iv_load_policy\u003d3\u0026modestbranding\u003d1\u0026playsinline\u003d1\u0026showinfo\u003d0\u0026rel\u003d0\u0026enablejsapi\u003d1","La Importancia de Seguir la Sunna":"https://www.youtube.com/watch?v\u003d3iTcYUbG-wA?origin\u003dhttps://plyr.io\u0026iv_load_policy\u003d3\u0026modestbranding\u003d1\u0026playsinline\u003d1\u0026showinfo\u003d0\u0026rel\u003d0\u0026enablejsapi\u003d1","Las Fuentes del Islam":"https://www.youtube.com/watch?v\u003dP2IYhGE7vnQ?origin\u003dhttps://plyr.io\u0026iv_load_policy\u003d3\u0026modestbranding\u003d1\u0026playsinline\u003d1\u0026showinfo\u003d0\u0026rel\u003d0\u0026enablejsapi\u003d1","Especial- El Hayy Paso a Paso.":"https://www.youtube.com/watch?v\u003dhuhD5ods638?origin\u003dhttps://plyr.io\u0026iv_load_policy\u003d3\u0026modestbranding\u003d1\u0026playsinline\u003d1\u0026showinfo\u003d0\u0026rel\u003d0\u0026enablejsapi\u003d1","La Peregrinación Mayor (El Hayy)":"https://www.youtube.com/watch?v\u003dFP5byAnQLbE?origin\u003dhttps://plyr.io\u0026iv_load_policy\u003d3\u0026modestbranding\u003d1\u0026playsinline\u003d1\u0026showinfo\u003d0\u0026rel\u003d0\u0026enablejsapi\u003d1","¿Cuál Es La Diferencia Entre Zakat Y Sadaqah?":"https://www.youtube.com/watch?v\u003durYAizo0etg?origin\u003dhttps://plyr.io\u0026iv_load_policy\u003d3\u0026modestbranding\u003d1\u0026playsinline\u003d1\u0026showinfo\u003d0\u0026rel\u003d0\u0026enablejsapi\u003d1","El Zakat -La Caridad":"https://www.youtube.com/watch?v\u003d7IlbNwo0txs?origin\u003dhttps://plyr.io\u0026iv_load_policy\u003d3\u0026modestbranding\u003d1\u0026playsinline\u003d1\u0026showinfo\u003d0\u0026rel\u003d0\u0026enablejsapi\u003d1","El Ayuno del Mes de Ramadán":"https://www.youtube.com/watch?v\u003du786Yf2het4?origin\u003dhttps://plyr.io\u0026iv_load_policy\u003d3\u0026modestbranding\u003d1\u0026playsinline\u003d1\u0026showinfo\u003d0\u0026rel\u003d0\u0026enablejsapi\u003d1","El Ayuno del Musulmán":"https://www.youtube.com/watch?v\u003doRzynPg6ILw?origin\u003dhttps://plyr.io\u0026iv_load_policy\u003d3\u0026modestbranding\u003d1\u0026playsinline\u003d1\u0026showinfo\u003d0\u0026rel\u003d0\u0026enablejsapi\u003d1","La Importancia del Salat":"https://www.youtube.com/watch?v\u003dr7lwj3ft4jA?origin\u003dhttps://plyr.io\u0026iv_load_policy\u003d3\u0026modestbranding\u003d1\u0026playsinline\u003d1\u0026showinfo\u003d0\u0026rel\u003d0\u0026enablejsapi\u003d1","La Oración (El Salat)":"https://www.youtube.com/watch?v\u003d5i46_WDhUTU?origin\u003dhttps://plyr.io\u0026iv_load_policy\u003d3\u0026modestbranding\u003d1\u0026playsinline\u003d1\u0026showinfo\u003d0\u0026rel\u003d0\u0026enablejsapi\u003d1","Testimonio de fe ( La SHAHADA )":"https://www.youtube.com/watch?v\u003dzLTLRlTPSqg?origin\u003dhttps://plyr.io\u0026iv_load_policy\u003d3\u0026modestbranding\u003d1\u0026playsinline\u003d1\u0026showinfo\u003d0\u0026rel\u003d0\u0026enablejsapi\u003d1","Un Solo Dios Un Solo Mensaje":"https://www.youtube.com/watch?v\u003drdssNPraYbw?origin\u003dhttps://plyr.io\u0026iv_load_policy\u003d3\u0026modestbranding\u003d1\u0026playsinline\u003d1\u0026showinfo\u003d0\u0026rel\u003d0\u0026enablejsapi\u003d1","El Amor por Allah y Su Mensajero":"https://www.youtube.com/watch?v\u003dbXvkYiG8-g8?origin\u003dhttps://plyr.io\u0026iv_load_policy\u003d3\u0026modestbranding\u003d1\u0026playsinline\u003d1\u0026showinfo\u003d0\u0026rel\u003d0\u0026enablejsapi\u003d1","Los Mensajeros de Dios":"https://www.youtube.com/watch?v\u003dWeTUZoF5uJQ?origin\u003dhttps://plyr.io\u0026iv_load_policy\u003d3\u0026modestbranding\u003d1\u0026playsinline\u003d1\u0026showinfo\u003d0\u0026rel\u003d0\u0026enablejsapi\u003d1","La Creencia en el Destino":"https://www.youtube.com/watch?v\u003dAWRgtex2p7U?origin\u003dhttps://plyr.io\u0026iv_load_policy\u003d3\u0026modestbranding\u003d1\u0026playsinline\u003d1\u0026showinfo\u003d0\u0026rel\u003d0\u0026enablejsapi\u003d1","El Día del Juicio Final":"https://www.youtube.com/watch?v\u003dyE0L_eKCICg?origin\u003dhttps://plyr.io\u0026iv_load_policy\u003d3\u0026modestbranding\u003d1\u0026playsinline\u003d1\u0026showinfo\u003d0\u0026rel\u003d0\u0026enablejsapi\u003d1","Los Libros Sagrados 2/3":"https://www.youtube.com/watch?v\u003dom81D-BpUHI?origin\u003dhttps://plyr.io\u0026iv_load_policy\u003d3\u0026modestbranding\u003d1\u0026playsinline\u003d1\u0026showinfo\u003d0\u0026rel\u003d0\u0026enablejsapi\u003d1","Los Libros Sagrados":"https://www.youtube.com/watch?v\u003dVZOvWxDCTbU?origin\u003dhttps://plyr.io\u0026iv_load_policy\u003d3\u0026modestbranding\u003d1\u0026playsinline\u003d1\u0026showinfo\u003d0\u0026rel\u003d0\u0026enablejsapi\u003d1","El Concepto de los Ángeles en Islam":"https://www.youtube.com/watch?v\u003dtCjvClxMZv8?origin\u003dhttps://plyr.io\u0026iv_load_policy\u003d3\u0026modestbranding\u003d1\u0026playsinline\u003d1\u0026showinfo\u003d0\u0026rel\u003d0\u0026enablejsapi\u003d1","La Creencia en Allah como Señor":"https://www.youtube.com/watch?v\u003dxXwPqKYIZwA?origin\u003dhttps://plyr.io\u0026iv_load_policy\u003d3\u0026modestbranding\u003d1\u0026playsinline\u003d1\u0026showinfo\u003d0\u0026rel\u003d0\u0026enablejsapi\u003d1","¿Quién es Allah?":"https://www.youtube.com/watch?v\u003d7K-CJ2Gishs?origin\u003dhttps://plyr.io\u0026iv_load_policy\u003d3\u0026modestbranding\u003d1\u0026playsinline\u003d1\u0026showinfo\u003d0\u0026rel\u003d0\u0026enablejsapi\u003d1","La Diferencia entre Islamitas Y Musulmanes Y Árabe.":"https://www.youtube.com/watch?v\u003dccyz9AvTLbA?origin\u003dhttps://plyr.io\u0026iv_load_policy\u003d3\u0026modestbranding\u003d1\u0026playsinline\u003d1\u0026showinfo\u003d0\u0026rel\u003d0\u0026enablejsapi\u003d1","¿Qué significa ser Musulmán?":"https://www.youtube.com/watch?v\u003diytIBefQVvw?origin\u003dhttps://plyr.io\u0026iv_load_policy\u003d3\u0026modestbranding\u003d1\u0026playsinline\u003d1\u0026showinfo\u003d0\u0026rel\u003d0\u0026enablejsapi\u003d1","La Identidad del Musulmán":"https://www.youtube.com/watch?v\u003dUe-A9V95RJw?origin\u003dhttps://plyr.io\u0026iv_load_policy\u003d3\u0026modestbranding\u003d1\u0026playsinline\u003d1\u0026showinfo\u003d0\u0026rel\u003d0\u0026enablejsapi\u003d1","¿Quiénes son los musulmanes?":"https://www.youtube.com/watch?v\u003dOsyaH4XDFYg?origin\u003dhttps://plyr.io\u0026iv_load_policy\u003d3\u0026modestbranding\u003d1\u0026playsinline\u003d1\u0026showinfo\u003d0\u0026rel\u003d0\u0026enablejsapi\u003d1","Que es el Islam? - Conozca el Islam":"https://www.youtube.com/watch?v\u003dX1dgMWGbci8?origin\u003dhttps://plyr.io\u0026iv_load_policy\u003d3\u0026modestbranding\u003d1\u0026playsinline\u003d1\u0026showinfo\u003d0\u0026rel\u003d0\u0026enablejsapi\u003d1","Tienes dudas sobre el Islam ?":"https://www.youtube.com/watch?v\u003dlfZ_2QksMD8?origin\u003dhttps://plyr.io\u0026iv_load_policy\u003d3\u0026modestbranding\u003d1\u0026playsinline\u003d1\u0026showinfo\u003d0\u0026rel\u003d0\u0026enablejsapi\u003d1","5 Pasos para volverse Musulman":"https://www.youtube.com/watch?v\u003dv0yhny4jySM\u0026list\u003dPLTX8fK_ip4oxt0d6e8SuKXqR6pYIOEBzO\u0026index\u003d21\u0026t\u003d26s?origin\u003dhttps://plyr.io\u0026iv_load_policy\u003d3\u0026modestbranding\u003d1\u0026playsinline\u003d1\u0026showinfo\u003d0\u0026rel\u003d0\u0026enablejsapi\u003d1","Dame una razón para ser musulmán":"https://www.youtube.com/watch?v\u003dnw63pL1jnoE\u0026list\u003dPLTX8fK_ip4oxt0d6e8SuKXqR6pYIOEBzO\u0026index\u003d22\u0026t\u003d12s?origin\u003dhttps://plyr.io\u0026iv_load_policy\u003d3\u0026modestbranding\u003d1\u0026playsinline\u003d1\u0026showinfo\u003d0\u0026rel\u003d0\u0026enablejsapi\u003d1","Súplicas Ramadán Duá":"https://www.youtube.com/watch?v\u003dP2NrTC0o36I?origin\u003dhttps://plyr.io\u0026iv_load_policy\u003d3\u0026modestbranding\u003d1\u0026playsinline\u003d1\u0026showinfo\u003d0\u0026rel\u003d0\u0026enablejsapi\u003d1","Confiar en Allah Dios Tawakkul sorprendente historia niño con Ibn Sirín":"https://www.youtube.com/watch?v\u003d8plKv3jA6R0?origin\u003dhttps://plyr.io\u0026iv_load_policy\u003d3\u0026modestbranding\u003d1\u0026playsinline\u003d1\u0026showinfo\u003d0\u0026rel\u003d0\u0026enablejsapi\u003d1","Consejos para estos días de Ramadan":"https://www.youtube.com/watch?v\u003dpOVCWZ37gHw?origin\u003dhttps://plyr.io\u0026iv_load_policy\u003d3\u0026modestbranding\u003d1\u0026playsinline\u003d1\u0026showinfo\u003d0\u0026rel\u003d0\u0026enablejsapi\u003d1","Que es el wahabismo":"https://www.youtube.com/watch?v\u003doR8lmdVY4Qc?origin\u003dhttps://plyr.io\u0026iv_load_policy\u003d3\u0026modestbranding\u003d1\u0026playsinline\u003d1\u0026showinfo\u003d0\u0026rel\u003d0\u0026enablejsapi\u003d1","¿\"Salir En Citas\" Está Permitido En Islam?":"https://www.youtube.com/watch?v\u003dU_kAmm_xmV8?origin\u003dhttps://plyr.io\u0026iv_load_policy\u003d3\u0026modestbranding\u003d1\u0026playsinline\u003d1\u0026showinfo\u003d0\u0026rel\u003d0\u0026enablejsapi\u003d1","¿Por Qué Jesús (A.S.) No Es El Hijo De Dios?":"https://www.youtube.com/watch?v\u003d_IAVuLhp4TE?origin\u003dhttps://plyr.io\u0026iv_load_policy\u003d3\u0026modestbranding\u003d1\u0026playsinline\u003d1\u0026showinfo\u003d0\u0026rel\u003d0\u0026enablejsapi\u003d1","¿Da\u0027wah ( La Llamada) Del Islam Es Obligatria de todo musulmán?":"https://www.youtube.com/watch?v\u003dFJTE8Nxwqqw?origin\u003dhttps://plyr.io\u0026iv_load_policy\u003d3\u0026modestbranding\u003d1\u0026playsinline\u003d1\u0026showinfo\u003d0\u0026rel\u003d0\u0026enablejsapi\u003d1","¿Cómo Convencer A Un Miembro De La Familia Que Hace Shirk?":"https://www.youtube.com/watch?v\u003d9gWI5VcJHDA?origin\u003dhttps://plyr.io\u0026iv_load_policy\u003d3\u0026modestbranding\u003d1\u0026playsinline\u003d1\u0026showinfo\u003d0\u0026rel\u003d0\u0026enablejsapi\u003d1","¿La Diferencia Entre Un Nabi (profeta) Y Un Rasool Mensajero?":"https://www.youtube.com/watch?v\u003dp924MGLj6ew?origin\u003dhttps://plyr.io\u0026iv_load_policy\u003d3\u0026modestbranding\u003d1\u0026playsinline\u003d1\u0026showinfo\u003d0\u0026rel\u003d0\u0026enablejsapi\u003d1","¿La Fotografía Está Prohibida En El Islam":"https://www.youtube.com/watch?v\u003dJtdz_PCwZaE?origin\u003dhttps://plyr.io\u0026iv_load_policy\u003d3\u0026modestbranding\u003d1\u0026playsinline\u003d1\u0026showinfo\u003d0\u0026rel\u003d0\u0026enablejsapi\u003d1","¿El Mejor Momento De La Vida Para Arrepentirse?":"https://www.youtube.com/watch?v\u003d56nhwAGfW1E?origin\u003dhttps://plyr.io\u0026iv_load_policy\u003d3\u0026modestbranding\u003d1\u0026playsinline\u003d1\u0026showinfo\u003d0\u0026rel\u003d0\u0026enablejsapi\u003d1","¿Una Creación Del Dios Puede Destruir Este Universo?":"https://www.youtube.com/watch?v\u003dHhWcywMte64?origin\u003dhttps://plyr.io\u0026iv_load_policy\u003d3\u0026modestbranding\u003d1\u0026playsinline\u003d1\u0026showinfo\u003d0\u0026rel\u003d0\u0026enablejsapi\u003d1","La Distancia Mínima De Viaje Para La Exención Del Ayuno Y Salah Qasr":"https://www.youtube.com/watch?v\u003dVo9kDxg3jOU?origin\u003dhttps://plyr.io\u0026iv_load_policy\u003d3\u0026modestbranding\u003d1\u0026playsinline\u003d1\u0026showinfo\u003d0\u0026rel\u003d0\u0026enablejsapi\u003d1","¿Corán Fue Revelado Sólo Para Los Árabes O Los Musulmanes?":"https://www.youtube.com/watch?v\u003d3fql4NajnXo?origin\u003dhttps://plyr.io\u0026iv_load_policy\u003d3\u0026modestbranding\u003d1\u0026playsinline\u003d1\u0026showinfo\u003d0\u0026rel\u003d0\u0026enablejsapi\u003d1","¿Podemos Negociar Con Allah En Douaa La Súplica?":"https://www.youtube.com/watch?v\u003dDNx11lzRUWM?origin\u003dhttps://plyr.io\u0026iv_load_policy\u003d3\u0026modestbranding\u003d1\u0026playsinline\u003d1\u0026showinfo\u003d0\u0026rel\u003d0\u0026enablejsapi\u003d1","Historia de Amr bin Alyamuh":"https://www.youtube.com/watch?v\u003d-55BctHh-Ew?origin\u003dhttps://plyr.io\u0026iv_load_policy\u003d3\u0026modestbranding\u003d1\u0026playsinline\u003d1\u0026showinfo\u003d0\u0026rel\u003d0\u0026enablejsapi\u003d1","La Identidad del Musulmán en Occidente. Derechos y obligaciones":"https://www.youtube.com/watch?v\u003d35rDh-HQqYQ?origin\u003dhttps://plyr.io\u0026iv_load_policy\u003d3\u0026modestbranding\u003d1\u0026playsinline\u003d1\u0026showinfo\u003d0\u0026rel\u003d0\u0026enablejsapi\u003d1","Eco islam, episodio 1":"https://www.youtube.com/watch?v\u003dO0x5bnR5xD0?origin\u003dhttps://plyr.io\u0026iv_load_policy\u003d3\u0026modestbranding\u003d1\u0026playsinline\u003d1\u0026showinfo\u003d0\u0026rel\u003d0\u0026enablejsapi\u003d1","Las normas sobre pedir permiso":"https://www.youtube.com/watch?v\u003d1Pa1VEhUlJI?origin\u003dhttps://plyr.io\u0026iv_load_policy\u003d3\u0026modestbranding\u003d1\u0026playsinline\u003d1\u0026showinfo\u003d0\u0026rel\u003d0\u0026enablejsapi\u003d1","La tentación del materialismo":"https://www.youtube.com/watch?v\u003dj35XRqp5u9g?origin\u003dhttps://plyr.io\u0026iv_load_policy\u003d3\u0026modestbranding\u003d1\u0026playsinline\u003d1\u0026showinfo\u003d0\u0026rel\u003d0\u0026enablejsapi\u003d1","El Ayuno de ’Ashura":"https://www.youtube.com/watch?v\u003d9bUx3-bt7bw?origin\u003dhttps://plyr.io\u0026iv_load_policy\u003d3\u0026modestbranding\u003d1\u0026playsinline\u003d1\u0026showinfo\u003d0\u0026rel\u003d0\u0026enablejsapi\u003d1","Reflexiones sobre un año lunar que termina":"https://www.youtube.com/watch?v\u003dB7NA-WaA8x8?origin\u003dhttps://plyr.io\u0026iv_load_policy\u003d3\u0026modestbranding\u003d1\u0026playsinline\u003d1\u0026showinfo\u003d0\u0026rel\u003d0\u0026enablejsapi\u003d1","La tentación de la mujer":"https://www.youtube.com/watch?v\u003dBVEd16y_zZA?origin\u003dhttps://plyr.io\u0026iv_load_policy\u003d3\u0026modestbranding\u003d1\u0026playsinline\u003d1\u0026showinfo\u003d0\u0026rel\u003d0\u0026enablejsapi\u003d1","Exégesis del último décimo del sagrado Corán Acústico libro - 2":"https://www.youtube.com/watch?v\u003dGV2moxrIBjI?origin\u003dhttps://plyr.io\u0026iv_load_policy\u003d3\u0026modestbranding\u003d1\u0026playsinline\u003d1\u0026showinfo\u003d0\u0026rel\u003d0\u0026enablejsapi\u003d1","La ética ante la discordia-adab al ijtilaf":"https://www.youtube.com/watch?v\u003dW2hFU44xDxk?origin\u003dhttps://plyr.io\u0026iv_load_policy\u003d3\u0026modestbranding\u003d1\u0026playsinline\u003d1\u0026showinfo\u003d0\u0026rel\u003d0\u0026enablejsapi\u003d1","Algunos consejos para el Ramadán":"https://www.youtube.com/watch?v\u003dUyYSsipO_Rs?origin\u003dhttps://plyr.io\u0026iv_load_policy\u003d3\u0026modestbranding\u003d1\u0026playsinline\u003d1\u0026showinfo\u003d0\u0026rel\u003d0\u0026enablejsapi\u003d1","Amistad entre chico y chica":"https://www.youtube.com/watch?v\u003d7zJpIxsGro4?origin\u003dhttps://plyr.io\u0026iv_load_policy\u003d3\u0026modestbranding\u003d1\u0026playsinline\u003d1\u0026showinfo\u003d0\u0026rel\u003d0\u0026enablejsapi\u003d1","Concepto erróneo - 21 \"¿Por qué los musulmanes nos insultan llamándonos Kafir?\".":"https://www.youtube.com/watch?v\u003dqcbTnkh-39M?origin\u003dhttps://plyr.io\u0026iv_load_policy\u003d3\u0026modestbranding\u003d1\u0026playsinline\u003d1\u0026showinfo\u003d0\u0026rel\u003d0\u0026enablejsapi\u003d1","Concepto erróneo - 20 \"Si el Islam es la mejor religión ¿por qué los musulmanes son los peores?\".":"https://www.youtube.com/watch?v\u003dkLCcGINQMB0?origin\u003dhttps://plyr.io\u0026iv_load_policy\u003d3\u0026modestbranding\u003d1\u0026playsinline\u003d1\u0026showinfo\u003d0\u0026rel\u003d0\u0026enablejsapi\u003d1","Concepto erróneo - 19 ¿Hay vida después de la muerte? ¿Y cuál es la prueba lógica?":"https://www.youtube.com/watch?v\u003d5IZAO_tdcxE?origin\u003dhttps://plyr.io\u0026iv_load_policy\u003d3\u0026modestbranding\u003d1\u0026playsinline\u003d1\u0026showinfo\u003d0\u0026rel\u003d0\u0026enablejsapi\u003d1","Concepto erróneo - 18 \"¿Por qué los musulmanes están divididos en sectas?\".":"https://www.youtube.com/watch?v\u003d_FQ9tXJUSnA\u0026t\u003d3s?origin\u003dhttps://plyr.io\u0026iv_load_policy\u003d3\u0026modestbranding\u003d1\u0026playsinline\u003d1\u0026showinfo\u003d0\u0026rel\u003d0\u0026enablejsapi\u003d1","Concepto erróneo - 17 \"¿Por qué los musulmanes creen en la vida después de la muerte?\".":"https://www.youtube.com/watch?v\u003dy6RoMayC9KA?origin\u003dhttps://plyr.io\u0026iv_load_policy\u003d3\u0026modestbranding\u003d1\u0026playsinline\u003d1\u0026showinfo\u003d0\u0026rel\u003d0\u0026enablejsapi\u003d1","Concepto erróneo -16 \"¿Por qué las mujeres en el Islam heredan sólo la mitad de lo que es heredado por los hombres?\"":"https://www.youtube.com/watch?v\u003dt3QcUkt_sss?origin\u003dhttps://plyr.io\u0026iv_load_policy\u003d3\u0026modestbranding\u003d1\u0026playsinline\u003d1\u0026showinfo\u003d0\u0026rel\u003d0\u0026enablejsapi\u003d1","Concepto erróneo - 15 \"¿Por qué dos mujeres son iguales al testimonio de un hombre?\".":"https://www.youtube.com/watch?v\u003d_ZEByk51ZA4?origin\u003dhttps://plyr.io\u0026iv_load_policy\u003d3\u0026modestbranding\u003d1\u0026playsinline\u003d1\u0026showinfo\u003d0\u0026rel\u003d0\u0026enablejsapi\u003d1","Concepto erróneo - 13 \"¿Por qué el Islam prohíbe comer carne de cerdo?\".":"https://www.youtube.com/watch?v\u003da4XyPEOKSIo?origin\u003dhttps://plyr.io\u0026iv_load_policy\u003d3\u0026modestbranding\u003d1\u0026playsinline\u003d1\u0026showinfo\u003d0\u0026rel\u003d0\u0026enablejsapi\u003d1","Concepto erróneo -12 \"¿Por qué no se permite a los no-musulmanes entrar en la Meca y en Madina?\"":"https://www.youtube.com/watch?v\u003dVHUexW5P4ps?origin\u003dhttps://plyr.io\u0026iv_load_policy\u003d3\u0026modestbranding\u003d1\u0026playsinline\u003d1\u0026showinfo\u003d0\u0026rel\u003d0\u0026enablejsapi\u003d1","Concepto erróneo - 11 \"Porqué los musulmanes se postran ante la Ka\u0027bah\".":"https://www.youtube.com/watch?v\u003df00X27jFeZs?origin\u003dhttps://plyr.io\u0026iv_load_policy\u003d3\u0026modestbranding\u003d1\u0026playsinline\u003d1\u0026showinfo\u003d0\u0026rel\u003d0\u0026enablejsapi\u003d1","Concepto erróneo - 10 \"Los musulmanes comen animales y actúan como animales\"":"https://www.youtube.com/watch?v\u003d9dZP_UDYlds?origin\u003dhttps://plyr.io\u0026iv_load_policy\u003d3\u0026modestbranding\u003d1\u0026playsinline\u003d1\u0026showinfo\u003d0\u0026rel\u003d0\u0026enablejsapi\u003d1","Concepto erróneo - 9 \"Los musulmanes sacrifican animales sin piedad\".manera despiadada?":"https://www.youtube.com/watch?v\u003dQ_TojVcGGkM?origin\u003dhttps://plyr.io\u0026iv_load_policy\u003d3\u0026modestbranding\u003d1\u0026playsinline\u003d1\u0026showinfo\u003d0\u0026rel\u003d0\u0026enablejsapi\u003d1","Concepto erróneo - 8 \"¿Por qué el Islam permite el consumo de carne?\"":"https://www.youtube.com/watch?v\u003dY7hD7NXJYqQ?origin\u003dhttps://plyr.io\u0026iv_load_policy\u003d3\u0026modestbranding\u003d1\u0026playsinline\u003d1\u0026showinfo\u003d0\u0026rel\u003d0\u0026enablejsapi\u003d1","Concepto erróneo - 7 \"¿Por qué el Islam somete a la mujer haciéndole vestir el Hijab?\"":"https://www.youtube.com/watch?v\u003dyxqnQ4DcA6Q?origin\u003dhttps://plyr.io\u0026iv_load_policy\u003d3\u0026modestbranding\u003d1\u0026playsinline\u003d1\u0026showinfo\u003d0\u0026rel\u003d0\u0026enablejsapi\u003d1","Concepto erróneo - 6 \"¿Por qué el Islam no permite que las mujeres tengan más de un marido\"?":"https://www.youtube.com/watch?v\u003dyxqnQ4DcA6Q?origin\u003dhttps://plyr.io\u0026iv_load_policy\u003d3\u0026modestbranding\u003d1\u0026playsinline\u003d1\u0026showinfo\u003d0\u0026rel\u003d0\u0026enablejsapi\u003d1","Concepto erróneo - 5 \"¿Por qué el Islam permite que el hombre tenga más de una esposa?\"":"https://www.youtube.com/watch?v\u003ddDKoW5Glx0A?origin\u003dhttps://plyr.io\u0026iv_load_policy\u003d3\u0026modestbranding\u003d1\u0026playsinline\u003d1\u0026showinfo\u003d0\u0026rel\u003d0\u0026enablejsapi\u003d1","Concepto erróneo - 3 \"Los musulmanes son terroristas":"https://www.youtube.com/watch?v\u003dAK87_Q92Rig?origin\u003dhttps://plyr.io\u0026iv_load_policy\u003d3\u0026modestbranding\u003d1\u0026playsinline\u003d1\u0026showinfo\u003d0\u0026rel\u003d0\u0026enablejsapi\u003d1","Concepto erróneo - 2 \"Los musulmanes son fundamentalistas\".":"https://www.youtube.com/watch?v\u003dhoNRwW_cJZc?origin\u003dhttps://plyr.io\u0026iv_load_policy\u003d3\u0026modestbranding\u003d1\u0026playsinline\u003d1\u0026showinfo\u003d0\u0026rel\u003d0\u0026enablejsapi\u003d1","Concepto erróneo -1 \" La Realidad de la Yihad\"":"https://www.youtube.com/watch?v\u003dIz2eMfvZIb4?origin\u003dhttps://plyr.io\u0026iv_load_policy\u003d3\u0026modestbranding\u003d1\u0026playsinline\u003d1\u0026showinfo\u003d0\u0026rel\u003d0\u0026enablejsapi\u003d1","La \u0027Aquidah - 1":"https://www.youtube.com/embed/LITmc4n1GCc?rel\u003d0?origin\u003dhttps://plyr.io\u0026iv_load_policy\u003d3\u0026modestbranding\u003d1\u0026playsinline\u003d1\u0026showinfo\u003d0\u0026rel\u003d0\u0026enablejsapi\u003d1","La Ética ante la Discordia":"https://www.youtube.com/embed/W2hFU44xDxk?rel\u003d0?origin\u003dhttps://plyr.io\u0026iv_load_policy\u003d3\u0026modestbranding\u003d1\u0026playsinline\u003d1\u0026showinfo\u003d0\u0026rel\u003d0\u0026enablejsapi\u003d1","¿Existe Dios?":"https://www.youtube.com/watch?v\u003dNu8F0JfZcH0\u0026list\u003dPLTX8fK_ip4oxt0d6e8SuKXqR6pYIOEBzO\u0026index\u003d20\u0026t\u003d29s?origin\u003dhttps://plyr.io\u0026iv_load_policy\u003d3\u0026modestbranding\u003d1\u0026playsinline\u003d1\u0026showinfo\u003d0\u0026rel\u003d0\u0026enablejsapi\u003d1","El Arrepentimiento":"https://youtu.be/NWR_4PPefpI?origin\u003dhttps://plyr.io\u0026iv_load_policy\u003d3\u0026modestbranding\u003d1\u0026playsinline\u003d1\u0026showinfo\u003d0\u0026rel\u003d0\u0026enablejsapi\u003d1","Perlas, enseñanzas y beneficios de la vida del Profeta Muhammad":"https://youtu.be/UECh6CsZ3yY?origin\u003dhttps://plyr.io\u0026iv_load_policy\u003d3\u0026modestbranding\u003d1\u0026playsinline\u003d1\u0026showinfo\u003d0\u0026rel\u003d0\u0026enablejsapi\u003d1","Hacer el Bien":"https://youtu.be/eTwHA52ikH8?origin\u003dhttps://plyr.io\u0026iv_load_policy\u003d3\u0026modestbranding\u003d1\u0026playsinline\u003d1\u0026showinfo\u003d0\u0026rel\u003d0\u0026enablejsapi\u003d1","Claves para el éxito en esta Vida y en la Otra":"https://youtu.be/BoXXz35kizo?origin\u003dhttps://plyr.io\u0026iv_load_policy\u003d3\u0026modestbranding\u003d1\u0026playsinline\u003d1\u0026showinfo\u003d0\u0026rel\u003d0\u0026enablejsapi\u003d1"}}]}