{"islam-Land":{"Videos":{"Adhan en español 2":"http://www.islamland.com/esp/videos/adhan-en-espanol","CÓMO HACER A UN NIÑO LECTOR":"http://www.islamland.com/esp/videos/como-hacer-a-un-nino-lector","¿Decimos Que Somos Mejores Que Los Cristianos?-Zakir Naik":"http://www.islamland.com/esp/videos/decimos-que-somos-mejores-que-los-cristianos-zakir-naik-1503310602","Un No Musulmán Hace La Pregunta Sobre Burka--Por Zakir Naik":"http://www.islamland.com/esp/videos/un-no-musulman-hace-la-pregunta-sobre-burka-por-zakir-naik-1503310209","¿El Corán Es Un Libro De La Ciencia?-Zakir Naik":"http://www.islamland.com/esp/videos/el-coran-es-un-libro-de-la-ciencia-zakir-naik-1503310057","¿Madre Teresa Iría Al Paraíso Por Sus Buenas Acciones?-Zakir Naik":"http://www.islamland.com/esp/videos/madre-teresa-iria-al-paraiso-por-sus-buenas-acciones-zakir-naik-1503233188","¿La Guerra En Siria Es Islámica?-Zakir Naik":"http://www.islamland.com/esp/videos/la-guerra-en-siria-es-islamica-zakir-naik-1503232689","¿Quién Es El Culpable Si Alguien Nace En Una Familia No Musulmana?-Zakir Naik":"http://www.islamland.com/esp/videos/quien-es-el-culpable-si-alguien-nace-en-una-familia-no-musulmana-zakir-naik-1503232441","¿Por Qué Allah No Reveló El Corán Desde El Primer Día?-Zakir Naik":"http://www.islamland.com/esp/videos/por-que-allah-no-revelo-el-coran-desde-el-primer-dia-zakir-naik-1503232201","¿Si El Islam Es Una Religión Racional, Por Qué Él Cree En Dios?-Zakir Naik":"http://www.islamland.com/esp/videos/si-el-islam-es-una-religion-racional-por-que-el-cree-en-dios-zakir-naik-1503231792","Top 5 Conceptos Erróneos Sobre El Islam":"http://www.islamland.com/esp/videos/top-5-conceptos-erroneos-sobre-el-islam-1503231562","¿Debería Dejar A Mi Madre, Ya Que Me Impide Seguir El Islam?-Zakir Naik":"http://www.islamland.com/esp/videos/deberia-dejar-a-mi-madre-ya-que-me-impide-seguir-el-islam-zakir-naik-1503231236","¿Todas Las Religiones Son Verdaderas?-Zakir Naik":"http://www.islamland.com/esp/videos/todas-las-religiones-son-verdaderas-zakir-naik-1503231097","Lo que debe hacer un Musulman obligatoriamente en Ramadán":"http://www.islamland.com/esp/videos/lo-que-debe-hacer-un-musulman-obligatoriamente-en-ramadan-1494178621","Conceptos erróneos sobre el Islam por el dr. Zakir Naik":"http://www.islamland.com/esp/videos/conceptos-erroneos-sobre-el-islam-por-el-dr-zakir-naik-1475168573","El último Sermón del Profeta Muhammad ﷺ en monte Árafa":"http://www.islamland.com/esp/videos/el-ultimo-sermon-del-profeta-muhammad-ﷺ-en-monte-arafa-1473940523","Dr. Zakir Naik - El Profeta Muhammad (PB) con su nombre en la Biblia":"http://www.islamland.com/esp/videos/dr-zakir-naik-el-profeta-muhammad-pb-con-su-nombre-en-la-biblia-1473525537","Debate entre Dr. Zakir y Dr. William Campbell en los errores científicos en la Biblia- Parte 1":"http://www.islamland.com/esp/videos/debate-entre-dr-zakir-y-dr-william-campbell-en-los-errores-cientificos-en-la-biblia-parte-1-1473102244","La Aqiqa para el niño que nace y muere inmediatamente- Sheij Ibn l-Uzaymin":"http://www.islamland.com/esp/videos/learn-how-to-perform-hajj-step-by-step-complete-video-1472990276","Consejo acerca de los 10 primeros días de Dhul Hijjah - Sheij Ibn Uzaymin":"http://www.islamland.com/esp/videos/consejo-acerca-de-los-10-primeros-dias-de-dhul-hijjah-sheij-ibn-uzaymin-1472833349","Seis minutos que pueden cambiar tu vida para siempre | Cheij Ibrâhîm Az-Ziyât":"http://www.islamland.com/esp/videos/seis-minutos-que-pueden-cambiar-tu-vida-para-siempre-cheij-ibrahim-az-ziyat-1472671074","Hay en el Corán lo que demuestra que la Biblia esta manipulada...Ahmed Dedaat":"http://www.islamland.com/esp/videos/hay-en-el-coran-lo-que-demuestra-que-la-biblia-esta-manipulada-ahmed-dedaat-1472664926","¿Ordena El Coran de matar a los no musulmanes.":"http://www.islamland.com/esp/videos/ordena-el-coran-de-matar-a-los-no-musulmanes-1472664727","Dr. Zakir Naik - ¿Cómo se puede evidenciar Tawheed, Unicidad de Al·lah, a una persona cristiana":"http://www.islamland.com/esp/videos/dr-zakir-naik-como-se-puede-evidenciar-tawheed-unicidad-de-al-lah-a-una-persona-cristiana-1472664631","¿Por qué el Corán es un milagro?.":"http://www.islamland.com/esp/videos/por-que-el-coran-es-un-milagro-1472664109","La Biblia en el Islam - Islam y Ciencia":"http://www.islamland.com/esp/videos/la-biblia-en-el-islam-islam-y-ciencia-1472663530","5 Pasos para volverse Musulman":"http://www.islamland.com/esp/videos/5-pasos-para-volverse-musulman-1472497461","Dr. Zakir Naik - ¿Fue Jesús (la paz sea con él) verdaderamente crucificado?":"http://www.islamland.com/esp/videos/dr-zakir-naik-fue-jesus-la-paz-sea-con-el-verdaderamente-crucificado-1472131569","Méritos cap.1":"http://www.islamland.com/esp/videos/meritos-cap-1-1471263913","Cómo tratar con Allah 1/29":"http://www.islamland.com/esp/videos/como-tratar-con-allah-1-29-1471181892","INSPIRACION 01 HD - Cereales con leche":"http://www.islamland.com/esp/videos/inspiracion-01-hd-cereales-con-leche-1470930403","Sura An-Nahl, Las abejas Subtítulos Español Mishary Rashed Alafasy":"http://www.islamland.com/esp/videos/sura-an-nahl-las-abejas-subtitulos-espanol-mishary-rashed-alafasy-1470655073","Famoso ex-predicador converso al Islam 1/5":"http://www.islamland.com/esp/videos/famoso-ex-predicador-converso-al-islam-1-5-1470598373","Islam-La esencia de las palabras -1- Las pasiones":"http://www.islamland.com/esp/videos/islam-la-esencia-de-las-palabras-1-las-pasiones-1470585597","Demostrando la  presencia del nombre del profeta Muhammad LPBSCE - En la Biblia":"http://www.islamland.com/esp/videos/demonstrando-la-existencia-de-muhammad-en-el-libro-sagrado-1470491198","Cristianos aceptan a Islam después de la disputa":"http://www.islamland.com/esp/videos/cristianos-aceptan-a-islam-despues-de-la-disputa-1470491128","Islam- Cómo disfrutar del Salat 1/30 - La concentración":"http://www.islamland.com/esp/videos/islam-como-disfrutar-del-salat-1-30-la-concentracion-1470311892","El Milgaro de la Mosca en el Coran":"http://www.islamland.com/esp/videos/el-milgaro-de-la-mosca-en-el-coran-1470311609","Sura Al-A\u0027la Subtítulos Español Salah Bukhatir":"http://www.islamland.com/esp/videos/sura-al-a-la-subtitulos-espanol-salah-bukhatir-1470310057","El peligro de hablar sin conocimiento":"http://www.islamland.com/esp/videos/el-peligro-de-hablar-sin-conocimiento-1470309229","Abu Bakr Al-Siddik - Español - (biografía)":"http://www.islamland.com/esp/videos/abu-bakr-al-siddik-espanol-biografia-1470309128","Islam La tumba":"http://www.islamland.com/esp/videos/islam-la-tumba-1470305629","Poligamia en el Islam":"http://www.islamland.com/esp/videos/poligamia-en-el-islam-1470305220","Los cristianos dicen que 1 + 1 + 1 \u003d 1":"http://www.islamland.com/esp/videos/los-cristianos-dicen-que-1-1-1-1-1470245856","demuestren la sinceridad de su fe. Desafió para los pastores.":"http://www.islamland.com/esp/videos/demuestren-la-sinceridad-de-su-fe-desafio-para-los-pastores-1470245773","El arte de la traducción La manipulación en la traducción":"http://www.islamland.com/esp/videos/el-arte-de-la-traduccion-la-manipulacion-en-la-traduccion-1470245387","Ahmed Deedat - Los versiculos de tolerancia en el libro de los cristianos":"http://www.islamland.com/esp/videos/ahmed-deedat-los-versiculos-de-tolerancia-en-el-libro-de-los-cristianos-1470245317","Ahmed Deedat - El Islam nunca se implantó con la espada":"http://www.islamland.com/esp/videos/ahmed-deedat-el-islam-nunca-se-implanto-con-la-espada-1470245267","¿Cuándo nació Jesucristo? ... ¡Una sorpresa!":"http://www.islamland.com/esp/videos/cuando-nacio-jesucristo-una-sorpresa-1470245188","Ahmed Deedat expone la falsa Trinidad en público":"http://www.islamland.com/esp/videos/ahmed-deedat-expone-la-falsa-trinidad-en-publico-1470245124","Ahmad Deedat : ¿Para qué volverá Cristo al final de los tiempos?":"http://www.islamland.com/esp/videos/ahmad-deedat-para-que-volvera-cristo-al-final-de-los-tiempos-1470245078","el velo \" hijab \" ( ahmed deedat ) subtitulado en español":"http://www.islamland.com/esp/videos/el-velo-hijab-ahmed-deedat-subtitulado-en-espanol-1470244979","\"¿Jesús es Dios?\" conferencia de Ahmed Deedat con subtitulos.":"http://www.islamland.com/esp/videos/jesus-es-dios-conferencia-de-ahmed-deedat-con-subtitulos-1470244932","Islam El secreto de la Kaaba Meca":"http://www.islamland.com/esp/videos/islam-el-secreto-de-la-kaaba-meca-1469890202","001 Surah Al-Fatiha - El Noble Corán, y su traducción a la lengua Española":"http://www.islamland.com/esp/videos/001-surah-al-fatiha-full-with-spanish-translation-1469831428","Dame una razón para ser musulmán":"http://www.islamland.com/esp/videos/dame-una-razon-para-ser-musulman-1468752345","Milagro de la Meca - Islam y Ciencia":"http://www.islamland.com/esp/videos/milagro-de-la-meca-islam-y-ciencia-1468066862","un musulman llama a un Programa de tv de los cristianos \"no te pierdas de ver este video\"":"http://www.islamland.com/esp/videos/un-musulman-llama-a-un-programa-de-tv-de-los-cristianos-no-te-pierdas-de-ver-este-video-1467485731","Científico ateo convertido al Islam - Milan Shultz":"http://www.islamland.com/esp/videos/cientifico-ateo-convertido-al-islam-milan-shultz-1467485273","EL SENTIDO DE LA VIDA":"http://www.islamland.com/esp/videos/el-sentido-de-la-vida-1461169856","Los musulmanes dicen NO al terrorismo (1/10)":"http://www.islamland.com/esp/videos/los-musulmanes-dicen-no-al-terrorismo-1-10-1436784927","Historias de los Sahaba - 13":"http://www.islamland.com/esp/videos/historias-de-los-sahaba-13-1432798760","Historias de los Sahaba - 12":"http://www.islamland.com/esp/videos/historias-de-los-sahaba-12-1432798760","Historias de los Sahaba - 11":"http://www.islamland.com/esp/videos/historias-de-los-sahaba-11-1432798760","Historias de los Sahaba - 10":"http://www.islamland.com/esp/videos/historias-de-los-sahaba-10-1432798759","Historias de los Sahaba - 09":"http://www.islamland.com/esp/videos/historias-de-los-sahaba-09-1432798759","Historias de los Sahaba - 08":"http://www.islamland.com/esp/videos/historias-de-los-sahaba-08-1432798759","Historias de los Sahaba - 07":"http://www.islamland.com/esp/videos/historias-de-los-sahaba-07-1432798759","Historias de los Sahaba - 06":"http://www.islamland.com/esp/videos/historias-de-los-sahaba-06-1432798759","Historias de los Sahaba - 05":"http://www.islamland.com/esp/videos/historias-de-los-sahaba-05-1432798759","Historias de los Sahaba - 04":"http://www.islamland.com/esp/videos/historias-de-los-sahaba-04-1432798759","Historias de los Sahaba - 03":"http://www.islamland.com/esp/videos/historias-de-los-sahaba-03-1432798759","Historias de los Sahaba - 02":"http://www.islamland.com/esp/videos/historias-de-los-sahaba-02-1432798759","Historias de los Sahaba - 01":"http://www.islamland.com/esp/videos/historias-de-los-sahaba-01-1432798759","Hacer el bien":"http://www.islamland.com/esp/videos/hacer-el-bien-1432798758","¿En qué creen los musulmanes? 05":"http://www.islamland.com/esp/videos/en-que-creen-los-musulmanes-05-1432798758","¿En qué creen los musulmanes? 04":"http://www.islamland.com/esp/videos/en-que-creen-los-musulmanes-04-1432798758","¿En qué creen los musulmanes? 03":"http://www.islamland.com/esp/videos/en-que-creen-los-musulmanes-03-1432798758","¿En qué creen los musulmanes? 02":"http://www.islamland.com/esp/videos/en-que-creen-los-musulmanes-02-1432798758","¿En qué creen los musulmanes? 01":"http://www.islamland.com/esp/videos/en-que-creen-los-musulmanes-01-1432798758","Luceros para el corazón 11":"http://www.islamland.com/esp/videos/luceros-para-el-corazon-11-1432798758","Luceros para el corazón 10":"http://www.islamland.com/esp/videos/luceros-para-el-corazon-10-1432798758","Luceros para el corazón 09":"http://www.islamland.com/esp/videos/luceros-para-el-corazon-09-1432798757","Luceros para el corazón 08":"http://www.islamland.com/esp/videos/luceros-para-el-corazon-08-1432798757","Luceros para el corazón 07":"http://www.islamland.com/esp/videos/luceros-para-el-corazon-07-1432798757","Luceros para el corazón 06":"http://www.islamland.com/esp/videos/luceros-para-el-corazon-06-1432798761","Luceros para el corazón 05":"http://www.islamland.com/esp/videos/luceros-para-el-corazon-05-1432798761","Luceros para el corazón 04":"http://www.islamland.com/esp/videos/luceros-para-el-corazon-04-1432798760","Luceros para el corazón 03":"http://www.islamland.com/esp/videos/luceros-para-el-corazon-03-1432798760","Luceros para el corazón 02":"http://www.islamland.com/esp/videos/luceros-para-el-corazon-02-1432798760","Luceros para el corazón 01":"http://www.islamland.com/esp/videos/luceros-para-el-corazon-01-1432798760","La ofrenda y el sacrificio expiatorio":"http://www.islamland.com/esp/videos/la-ofrenda-y-el-sacrificio-expiatorio-1432798760","La visita a Medina, su excelencia e importancia en el Islam":"http://www.islamland.com/esp/videos/la-visita-a-medina-su-excelencia-e-importancia-en-el-islam-1432798760","Salat at-tatawu’ (el rezo espontáneo)":"http://www.islamland.com/esp/videos/salat-at-tatawu-el-rezo-espontaneo-1432798760","Lo permitido y detestable en la oración, y lo que invalida la oración":"http://www.islamland.com/esp/videos/lo-permitido-y-detestable-en-la-oracion-y-lo-que-invalida-la-oracion-1432798760","Otros tipos de Az-Zaka":"http://www.islamland.com/esp/videos/otros-tipos-de-az-zaka-1432798760","Losbeneficiarios del Az-Zaka y su pago":"http://www.islamland.com/esp/videos/losbeneficiarios-del-az-zaka-y-su-pago-1432798760","Zakat ul fiter":"http://www.islamland.com/esp/videos/zakat-ul-fiter-1432798759","Limosnas opcionales":"http://www.islamland.com/esp/videos/limosnas-opcionales-1432798759","20 técnicas del Profeta para la educación - 19":"http://www.islamland.com/esp/videos/20-tecnicas-del-profeta-para-la-educacion-19-1432798759","20 técnicas del Profeta para la educación - 21":"http://www.islamland.com/esp/videos/20-tecnicas-del-profeta-para-la-educacion-21-1432798759","20 técnicas del Profeta para la educación - 20":"http://www.islamland.com/esp/videos/20-tecnicas-del-profeta-para-la-educacion-20-1432798759","20 técnicas del Profeta para la educación - 18":"http://www.islamland.com/esp/videos/20-tecnicas-del-profeta-para-la-educacion-18-1432798759","20 técnicas del Profeta para la educación - 17":"http://www.islamland.com/esp/videos/20-tecnicas-del-profeta-para-la-educacion-17-1432798759","20 técnicas del Profeta para la educación - 16":"http://www.islamland.com/esp/videos/20-tecnicas-del-profeta-para-la-educacion-16-1432798759","20 técnicas del Profeta para la educación - 15":"http://www.islamland.com/esp/videos/20-tecnicas-del-profeta-para-la-educacion-15-1432798759","20 técnicas del Profeta para la educación - 14":"http://www.islamland.com/esp/videos/20-tecnicas-del-profeta-para-la-educacion-14-1432798758","20 técnicas del Profeta para la educación - 13":"http://www.islamland.com/esp/videos/20-tecnicas-del-profeta-para-la-educacion-13-1432798758","20 técnicas del Profeta para la educación - 12":"http://www.islamland.com/esp/videos/20-tecnicas-del-profeta-para-la-educacion-12-1432798758","20 técnicas del Profeta para la educación - 11":"http://www.islamland.com/esp/videos/20-tecnicas-del-profeta-para-la-educacion-11-1432798758","20 técnicas del Profeta para la educación - 08":"http://www.islamland.com/esp/videos/20-tecnicas-del-profeta-para-la-educacion-08-1432798758","20 técnicas del Profeta para la educación - 07":"http://www.islamland.com/esp/videos/20-tecnicas-del-profeta-para-la-educacion-07-1432798758","20 técnicas del Profeta para la educación - 06":"http://www.islamland.com/esp/videos/20-tecnicas-del-profeta-para-la-educacion-06-1432798758","20 técnicas del Profeta para la educación - 05":"http://www.islamland.com/esp/videos/20-tecnicas-del-profeta-para-la-educacion-05-1432798758","20 técnicas del Profeta para la educación - 02":"http://www.islamland.com/esp/videos/20-tecnicas-del-profeta-para-la-educacion-02-1432798757","20 técnicas del Profeta para la educación - 09":"http://www.islamland.com/esp/videos/20-tecnicas-del-profeta-para-la-educacion-09-1432798757","20 técnicas del Profeta para la educación - 10":"http://www.islamland.com/esp/videos/20-tecnicas-del-profeta-para-la-educacion-10-1432798757","Al Mawaqit":"http://www.islamland.com/esp/videos/al-mawaqit-1432798761","Prescripciones del Hayy y la ’Umra":"http://www.islamland.com/esp/videos/prescripciones-del-hayy-y-la-umra-1432798761","Descripción del Hayyy la ’Umra":"http://www.islamland.com/esp/videos/descripcion-del-hayyy-la-umra-1432798760","Los ritos y la talbia":"http://www.islamland.com/esp/videos/los-ritos-y-la-talbia-1432798760","Al Ihram (La consagración del peregrino)":"http://www.islamland.com/esp/videos/al-ihram-la-consagracion-del-peregrino-1432798760","Antecedentes introductorios sobre el Hayy":"http://www.islamland.com/esp/videos/antecedentes-introductorios-sobre-el-hayy-1432798760","Pilares, obligaciones y sunnas del Hayy":"http://www.islamland.com/esp/videos/pilares-obligaciones-y-sunnas-del-hayy-1432798760","Pilares, obligaciones y Sunnas de la ’Umra":"http://www.islamland.com/esp/videos/pilares-obligaciones-y-sunnas-de-la-umra-1432798760","La Ud-hia":"http://www.islamland.com/esp/videos/la-ud-hia-1432798760","El rezo del eclipse":"http://www.islamland.com/esp/videos/el-rezo-del-eclipse-1432798760","Los dos rezos de ’id (salat ul ’id)":"http://www.islamland.com/esp/videos/los-dos-rezos-de-id-salat-ul-id-1432798760","Salat ul istisqa’ (Rezo pidiendo lluvia)":"http://www.islamland.com/esp/videos/salat-ul-istisqa-rezo-pidiendo-lluvia-1432798759","Suyud ash-shukr":"http://www.islamland.com/esp/videos/suyud-ash-shukr-1432798759","Condiciones para la validez de As-Sala":"http://www.islamland.com/esp/videos/condiciones-para-la-validez-de-as-sala-1432798759","La sutra del orante":"http://www.islamland.com/esp/videos/la-sutra-del-orante-1432798759","Virtudes del ayuno":"http://www.islamland.com/esp/videos/virtudes-del-ayuno-1432798759","Los pilares del ayuno":"http://www.islamland.com/esp/videos/los-pilares-del-ayuno-1432798759","Excusas para suspender el ayuno en Ramadán":"http://www.islamland.com/esp/videos/excusas-para-suspender-el-ayuno-en-ramadan-1432798759","Ayuno opcional (tatawwu’)":"http://www.islamland.com/esp/videos/ayuno-opcional-tatawwu-1432798759","La noche del destino (Lailat ul Qadr)":"http://www.islamland.com/esp/videos/la-noche-del-destino-lailat-ul-qadr-1432798759","El I’tikaf (retiro devocional en la mezquita)":"http://www.islamland.com/esp/videos/el-i-tikaf-retiro-devocional-en-la-mezquita-1432798758","20 técnicas del Profeta para la educación - 04":"http://www.islamland.com/esp/videos/20-tecnicas-del-profeta-para-la-educacion-04-1432798758","Aqidah - 13":"http://www.islamland.com/esp/videos/aqidah-13-1432798758","Aqidah - 12":"http://www.islamland.com/esp/videos/aqidah-12-1432798758","Aqidah - 11":"http://www.islamland.com/esp/videos/aqidah-11-1432798758","Aqidah - 10":"http://www.islamland.com/esp/videos/aqidah-10-1432798758","Aqidah - 09":"http://www.islamland.com/esp/videos/aqidah-09-1432798758","Aqidah - 08":"http://www.islamland.com/esp/videos/aqidah-08-1432798758","Aqidah - 06":"http://www.islamland.com/esp/videos/aqidah-06-1432798758","Aqidah - 05":"http://www.islamland.com/esp/videos/aqidah-05-1432798757","Aqidah - 04":"http://www.islamland.com/esp/videos/aqidah-04-1432798757","Aqidah - 03":"http://www.islamland.com/esp/videos/aqidah-03-1432798757","Aqidah - 02":"http://www.islamland.com/esp/videos/aqidah-02-1432798761","Aqidah - 01":"http://www.islamland.com/esp/videos/aqidah-01-1432798761","Az-Zaka, su estatus legal y sus requisitos":"http://www.islamland.com/esp/videos/az-zaka-su-estatus-legal-y-sus-requisitos-1432798760","El Az-Zaka de lo que produce el suelo":"http://www.islamland.com/esp/videos/el-az-zaka-de-lo-que-produce-el-suelo-1432798760","El Az-Zaka sobre los bienes monetarios":"http://www.islamland.com/esp/videos/el-az-zaka-sobre-los-bienes-monetarios-1432798760","Az-Zaka sobre el ganado":"http://www.islamland.com/esp/videos/az-zaka-sobre-el-ganado-1432798760","Az-Zaka de los bienes comerciables":"http://www.islamland.com/esp/videos/az-zaka-de-los-bienes-comerciables-1432798760","Explicación de “Surat Al Fatiha” - 2":"http://www.islamland.com/esp/videos/explicacion-de-surat-al-fatiha-2-1432798760","Explicación de “Surat Al Fatiha” - 3":"http://www.islamland.com/esp/videos/explicacion-de-surat-al-fatiha-3-1432798760","Explicación de “Surat Al Fatiha” - 4":"http://www.islamland.com/esp/videos/explicacion-de-surat-al-fatiha-4-1432798760","Por qué los musulmanes realizan el Hajj?":"http://www.islamland.com/esp/videos/por-que-los-musulmanes-realizan-el-hajj-1432798760","¿Existe Dios?":"http://www.islamland.com/esp/videos/existe-dios-1432798759","Prescripciones sobre las inmundicias":"http://www.islamland.com/esp/videos/prescripciones-sobre-las-inmundicias-1432798759","Preceptos relativos a defecar y orinar":"http://www.islamland.com/esp/videos/preceptos-relativos-a-defecar-y-orinar-1432798759","Restos líquidos":"http://www.islamland.com/esp/videos/restos-liquidos-1432798759","Los recipientes":"http://www.islamland.com/esp/videos/los-recipientes-1432798759","At-Taiammum":"http://www.islamland.com/esp/videos/at-taiammum-1432798759","La menstruación, la metrorragia y el puerperio":"http://www.islamland.com/esp/videos/la-menstruacion-la-metrorragia-y-el-puerperio-1432798759","La purificación y las aguas que sirven para ella":"http://www.islamland.com/esp/videos/la-purificacion-y-las-aguas-que-sirven-para-ella-1432798759","Al Gusul (el baño)":"http://www.islamland.com/esp/videos/al-gusul-el-bano-1432798759","Frotar las medias de cuero (Al Juffain), los calcetines de tela (Al Yawrabain), el yeso, las vendas y cosas similares":"http://www.islamland.com/esp/videos/frotar-las-medias-de-cuero-al-juffain-los-calcetines-de-tela-al-yawrabain-el-yeso-las-vendas-y-cosas-similares-1432798758","La ablución (Al Wudu’)":"http://www.islamland.com/esp/videos/la-ablucion-al-wudu-1432798758","Costumbres de higiene personal":"http://www.islamland.com/esp/videos/costumbres-de-higiene-personal-1432798758","Descripcion del As-salat":"http://www.islamland.com/esp/videos/descripcion-del-as-salat-1432798758","El Adhan y el Iqama":"http://www.islamland.com/esp/videos/el-adhan-y-el-iqama-1432798758","Al Imama (dirigir el rezo) y Al I’timam (seguir al imam en el rezo)":"http://www.islamland.com/esp/videos/al-imama-dirigir-el-rezo-y-al-i-timam-seguir-al-imam-en-el-rezo-1432798758","Reglas legales del rezo":"http://www.islamland.com/esp/videos/reglas-legales-del-rezo-1432798758","Posición de As-Sala el Islam y su estatus en la Shari’a":"http://www.islamland.com/esp/videos/posicion-de-as-sala-el-islam-y-su-estatus-en-la-shari-a-1432798758","Modales del As-Sala":"http://www.islamland.com/esp/videos/modales-del-as-sala-1432798757","El rezo de la gente impedida":"http://www.islamland.com/esp/videos/el-rezo-de-la-gente-impedida-1432798757","Salat ul yama’a (El rezo en congregación)":"http://www.islamland.com/esp/videos/salat-ul-yama-a-el-rezo-en-congregacion-1432798757","Salat ul yanaza (el rezo fúnebre)":"http://www.islamland.com/esp/videos/salat-ul-yanaza-el-rezo-funebre-1432798757","Ramadán Karim (10)":"http://www.islamland.com/esp/videos/ramadan-karim-10-1432798761","Víctimas de un amor enfermizo":"http://www.islamland.com/esp/videos/victimas-de-un-amor-enfermizo-1432798761","Explicación del Hadiz “Ummu Sunnah” (La base de la Sunnah)":"http://www.islamland.com/esp/videos/explicacion-del-hadiz-ummu-sunnah-la-base-de-la-sunnah-1432798761","El viaje de las almas tras la muerte":"http://www.islamland.com/esp/videos/el-viaje-de-las-almas-tras-la-muerte-1432798760","Las reinas del Islam":"http://www.islamland.com/esp/videos/las-reinas-del-islam-1432798760","Los males de la lengua y los corazones envenenados":"http://www.islamland.com/esp/videos/los-males-de-la-lengua-y-los-corazones-envenenados-1432798760","Explicación de \"Surat Al Fatiha\" - 1":"http://www.islamland.com/esp/videos/explicacion-de-surat-al-fatiha-1-1432798760","Los Mensajeros de Dios":"http://www.islamland.com/esp/videos/los-mensajeros-de-dios-1432798760","La compasión por los animales":"http://www.islamland.com/esp/videos/la-compasion-por-los-animales-1432798760","El Matrimonio en el Islam":"http://www.islamland.com/esp/videos/el-matrimonio-en-el-islam-1432798760","At-Tawhid y el amor por Allah y su Mensajero":"http://www.islamland.com/esp/videos/at-tawhid-y-el-amor-por-allah-y-su-mensajero-1432798760","Convivencia pacífica, identidad islámica y divulgación del Islam en Occidente":"http://www.islamland.com/esp/videos/convivencia-pacifica-identidad-islamica-y-divulgacion-del-islam-en-occidente-1432798759","El día del Juicio Final":"http://www.islamland.com/esp/videos/el-dia-del-juicio-final-1432798759","Todos sois pastores y responsables de aquellos que están bajo vuestro cuidado":"http://www.islamland.com/esp/videos/todos-sois-pastores-y-responsables-de-aquellos-que-estan-bajo-vuestro-cuidado-1432798759","Principios islámicos para una convivencia pacífica en una sociedad pluralista":"http://www.islamland.com/esp/videos/principios-islamicos-para-una-convivencia-pacifica-en-una-sociedad-pluralista-1432798759","Segundo Seminario sobre teología Islámica - 2":"http://www.islamland.com/esp/videos/segundo-seminario-sobre-teologia-islamica-2-1432798759","Segundo Seminario sobre teología Islámica - 1":"http://www.islamland.com/esp/videos/segundo-seminario-sobre-teologia-islamica-1-1432798759","Segundo Seminario sobre teología Islámica - 3":"http://www.islamland.com/esp/videos/segundo-seminario-sobre-teologia-islamica-3-1432798759","20 técnicas del Profeta para la educación - 19 2":"http://www.islamland.com/esp/videos/20-tecnicas-del-profeta-para-la-educacion-19-1432798759","20 técnicas del Profeta para la educación - 21 2":"http://www.islamland.com/esp/videos/20-tecnicas-del-profeta-para-la-educacion-21-1432798759","20 técnicas del Profeta para la educación - 20 2":"http://www.islamland.com/esp/videos/20-tecnicas-del-profeta-para-la-educacion-20-1432798759","20 técnicas del Profeta para la educación - 18 2":"http://www.islamland.com/esp/videos/20-tecnicas-del-profeta-para-la-educacion-18-1432798759","20 técnicas del Profeta para la educación - 17 2":"http://www.islamland.com/esp/videos/20-tecnicas-del-profeta-para-la-educacion-17-1432798759","20 técnicas del Profeta para la educación - 16 2":"http://www.islamland.com/esp/videos/20-tecnicas-del-profeta-para-la-educacion-16-1432798759","20 técnicas del Profeta para la educación - 15 2":"http://www.islamland.com/esp/videos/20-tecnicas-del-profeta-para-la-educacion-15-1432798759","20 técnicas del Profeta para la educación - 14 2":"http://www.islamland.com/esp/videos/20-tecnicas-del-profeta-para-la-educacion-14-1432798758","20 técnicas del Profeta para la educación - 13 2":"http://www.islamland.com/esp/videos/20-tecnicas-del-profeta-para-la-educacion-13-1432798758","20 técnicas del Profeta para la educación - 12 2":"http://www.islamland.com/esp/videos/20-tecnicas-del-profeta-para-la-educacion-12-1432798758","20 técnicas del Profeta para la educación - 11 2":"http://www.islamland.com/esp/videos/20-tecnicas-del-profeta-para-la-educacion-11-1432798758","20 técnicas del Profeta para la educación - 10 2":"http://www.islamland.com/esp/videos/20-tecnicas-del-profeta-para-la-educacion-10-1432798757","Al Mawaqit 2":"http://www.islamland.com/esp/videos/al-mawaqit-1432798761","Prescripciones del Hayy y la ’Umra 2":"http://www.islamland.com/esp/videos/prescripciones-del-hayy-y-la-umra-1432798761","Descripción del Hayyy la ’Umra 2":"http://www.islamland.com/esp/videos/descripcion-del-hayyy-la-umra-1432798760","Los ritos y la talbia 2":"http://www.islamland.com/esp/videos/los-ritos-y-la-talbia-1432798760","Al Ihram (La consagración del peregrino) 2":"http://www.islamland.com/esp/videos/al-ihram-la-consagracion-del-peregrino-1432798760","Antecedentes introductorios sobre el Hayy 2":"http://www.islamland.com/esp/videos/antecedentes-introductorios-sobre-el-hayy-1432798760","Pilares, obligaciones y sunnas del Hayy 2":"http://www.islamland.com/esp/videos/pilares-obligaciones-y-sunnas-del-hayy-1432798760","Pilares, obligaciones y Sunnas de la ’Umra 2":"http://www.islamland.com/esp/videos/pilares-obligaciones-y-sunnas-de-la-umra-1432798760","La Ud-hia 2":"http://www.islamland.com/esp/videos/la-ud-hia-1432798760","El rezo del eclipse 2":"http://www.islamland.com/esp/videos/el-rezo-del-eclipse-1432798760","Los dos rezos de ’id (salat ul ’id) 2":"http://www.islamland.com/esp/videos/los-dos-rezos-de-id-salat-ul-id-1432798760","Salat ul istisqa’ (Rezo pidiendo lluvia) 2":"http://www.islamland.com/esp/videos/salat-ul-istisqa-rezo-pidiendo-lluvia-1432798759","Suyud ash-shukr 2":"http://www.islamland.com/esp/videos/suyud-ash-shukr-1432798759","Condiciones para la validez de As-Sala 2":"http://www.islamland.com/esp/videos/condiciones-para-la-validez-de-as-sala-1432798759","La sutra del orante 2":"http://www.islamland.com/esp/videos/la-sutra-del-orante-1432798759","Virtudes del ayuno 2":"http://www.islamland.com/esp/videos/virtudes-del-ayuno-1432798759","Los pilares del ayuno 2":"http://www.islamland.com/esp/videos/los-pilares-del-ayuno-1432798759","Excusas para suspender el ayuno en Ramadán 2":"http://www.islamland.com/esp/videos/excusas-para-suspender-el-ayuno-en-ramadan-1432798759","Ayuno opcional (tatawwu’) 2":"http://www.islamland.com/esp/videos/ayuno-opcional-tatawwu-1432798759","La noche del destino (Lailat ul Qadr) 2":"http://www.islamland.com/esp/videos/la-noche-del-destino-lailat-ul-qadr-1432798759","El I’tikaf (retiro devocional en la mezquita) 2":"http://www.islamland.com/esp/videos/el-i-tikaf-retiro-devocional-en-la-mezquita-1432798758","Aqidah - 13 2":"http://www.islamland.com/esp/videos/aqidah-13-1432798758","Aqidah - 12 2":"http://www.islamland.com/esp/videos/aqidah-12-1432798758","Aqidah - 11 2":"http://www.islamland.com/esp/videos/aqidah-11-1432798758","Aqidah - 10 2":"http://www.islamland.com/esp/videos/aqidah-10-1432798758","Az-Zaka, su estatus legal y sus requisitos 2":"http://www.islamland.com/esp/videos/az-zaka-su-estatus-legal-y-sus-requisitos-1432798760","El Az-Zaka de lo que produce el suelo 2":"http://www.islamland.com/esp/videos/el-az-zaka-de-lo-que-produce-el-suelo-1432798760","El Az-Zaka sobre los bienes monetarios 2":"http://www.islamland.com/esp/videos/el-az-zaka-sobre-los-bienes-monetarios-1432798760","Az-Zaka sobre el ganado 2":"http://www.islamland.com/esp/videos/az-zaka-sobre-el-ganado-1432798760","Az-Zaka de los bienes comerciables 2":"http://www.islamland.com/esp/videos/az-zaka-de-los-bienes-comerciables-1432798760","Explicación de “Surat Al Fatiha” - 2 2":"http://www.islamland.com/esp/videos/explicacion-de-surat-al-fatiha-2-1432798760","Explicación de “Surat Al Fatiha” - 3 2":"http://www.islamland.com/esp/videos/explicacion-de-surat-al-fatiha-3-1432798760","Explicación de “Surat Al Fatiha” - 4 2":"http://www.islamland.com/esp/videos/explicacion-de-surat-al-fatiha-4-1432798760","Por qué los musulmanes realizan el Hajj? 2":"http://www.islamland.com/esp/videos/por-que-los-musulmanes-realizan-el-hajj-1432798760","¿Existe Dios? 2":"http://www.islamland.com/esp/videos/existe-dios-1432798759","Prescripciones sobre las inmundicias 2":"http://www.islamland.com/esp/videos/prescripciones-sobre-las-inmundicias-1432798759","Preceptos relativos a defecar y orinar 2":"http://www.islamland.com/esp/videos/preceptos-relativos-a-defecar-y-orinar-1432798759","Restos líquidos 2":"http://www.islamland.com/esp/videos/restos-liquidos-1432798759","Los recipientes 2":"http://www.islamland.com/esp/videos/los-recipientes-1432798759","At-Taiammum 2":"http://www.islamland.com/esp/videos/at-taiammum-1432798759","La menstruación, la metrorragia y el puerperio 2":"http://www.islamland.com/esp/videos/la-menstruacion-la-metrorragia-y-el-puerperio-1432798759","La purificación y las aguas que sirven para ella 2":"http://www.islamland.com/esp/videos/la-purificacion-y-las-aguas-que-sirven-para-ella-1432798759","Al Gusul (el baño) 2":"http://www.islamland.com/esp/videos/al-gusul-el-bano-1432798759","Frotar las medias de cuero (Al Juffain), los calcetines de tela (Al Yawrabain), el yeso, las vendas y cosas similares 2":"http://www.islamland.com/esp/videos/frotar-las-medias-de-cuero-al-juffain-los-calcetines-de-tela-al-yawrabain-el-yeso-las-vendas-y-cosas-similares-1432798758","La ablución (Al Wudu’) 2":"http://www.islamland.com/esp/videos/la-ablucion-al-wudu-1432798758","Costumbres de higiene personal 2":"http://www.islamland.com/esp/videos/costumbres-de-higiene-personal-1432798758","Descripcion del As-salat 2":"http://www.islamland.com/esp/videos/descripcion-del-as-salat-1432798758","El Adhan y el Iqama 2":"http://www.islamland.com/esp/videos/el-adhan-y-el-iqama-1432798758","Al Imama (dirigir el rezo) y Al I’timam (seguir al imam en el rezo) 2":"http://www.islamland.com/esp/videos/al-imama-dirigir-el-rezo-y-al-i-timam-seguir-al-imam-en-el-rezo-1432798758","Reglas legales del rezo 2":"http://www.islamland.com/esp/videos/reglas-legales-del-rezo-1432798758","Posición de As-Sala el Islam y su estatus en la Shari’a 2":"http://www.islamland.com/esp/videos/posicion-de-as-sala-el-islam-y-su-estatus-en-la-shari-a-1432798758","Modales del As-Sala 2":"http://www.islamland.com/esp/videos/modales-del-as-sala-1432798757","El rezo de la gente impedida 2":"http://www.islamland.com/esp/videos/el-rezo-de-la-gente-impedida-1432798757","Salat ul yama’a (El rezo en congregación) 2":"http://www.islamland.com/esp/videos/salat-ul-yama-a-el-rezo-en-congregacion-1432798757","Salat ul yanaza (el rezo fúnebre) 2":"http://www.islamland.com/esp/videos/salat-ul-yanaza-el-rezo-funebre-1432798757","Ramadán Karim (10) 2":"http://www.islamland.com/esp/videos/ramadan-karim-10-1432798761","Víctimas de un amor enfermizo 2":"http://www.islamland.com/esp/videos/victimas-de-un-amor-enfermizo-1432798761","Explicación del Hadiz “Ummu Sunnah” (La base de la Sunnah) 2":"http://www.islamland.com/esp/videos/explicacion-del-hadiz-ummu-sunnah-la-base-de-la-sunnah-1432798761","El viaje de las almas tras la muerte 2":"http://www.islamland.com/esp/videos/el-viaje-de-las-almas-tras-la-muerte-1432798760","Las reinas del Islam 2":"http://www.islamland.com/esp/videos/las-reinas-del-islam-1432798760","Los males de la lengua y los corazones envenenados 2":"http://www.islamland.com/esp/videos/los-males-de-la-lengua-y-los-corazones-envenenados-1432798760","Explicación de \"Surat Al Fatiha\" - 1 2":"http://www.islamland.com/esp/videos/explicacion-de-surat-al-fatiha-1-1432798760","Los Mensajeros de Dios 2":"http://www.islamland.com/esp/videos/los-mensajeros-de-dios-1432798760","La compasión por los animales 2":"http://www.islamland.com/esp/videos/la-compasion-por-los-animales-1432798760","El Matrimonio en el Islam 2":"http://www.islamland.com/esp/videos/el-matrimonio-en-el-islam-1432798760","At-Tawhid y el amor por Allah y su Mensajero 2":"http://www.islamland.com/esp/videos/at-tawhid-y-el-amor-por-allah-y-su-mensajero-1432798760","Convivencia pacífica, identidad islámica y divulgación del Islam en Occidente 2":"http://www.islamland.com/esp/videos/convivencia-pacifica-identidad-islamica-y-divulgacion-del-islam-en-occidente-1432798759","El día del Juicio Final 2":"http://www.islamland.com/esp/videos/el-dia-del-juicio-final-1432798759","Todos sois pastores y responsables de aquellos que están bajo vuestro cuidado 2":"http://www.islamland.com/esp/videos/todos-sois-pastores-y-responsables-de-aquellos-que-estan-bajo-vuestro-cuidado-1432798759","Principios islámicos para una convivencia pacífica en una sociedad pluralista 2":"http://www.islamland.com/esp/videos/principios-islamicos-para-una-convivencia-pacifica-en-una-sociedad-pluralista-1432798759","Segundo Seminario sobre teología Islámica - 2 2":"http://www.islamland.com/esp/videos/segundo-seminario-sobre-teologia-islamica-2-1432798759","Segundo Seminario sobre teología Islámica - 1 2":"http://www.islamland.com/esp/videos/segundo-seminario-sobre-teologia-islamica-1-1432798759","Segundo Seminario sobre teología Islámica - 3 2":"http://www.islamland.com/esp/videos/segundo-seminario-sobre-teologia-islamica-3-1432798759"}}}