{
  "knowing-Allah": {
    "Videos": {
      "Videos - Kit para el Nuevo Musulmán": {
        "¿Es Jesús Dios ?": "https://knowingallah.com/es/videos/4489-es-jesus-dios/",
        "Cómo Pedir Perdon a Dios": "https://knowingallah.com/es/videos/como-pedir-perdon-a-dios/",
        "El Islam Y La Mision de Los Musulmanes": "https://knowingallah.com/es/videos/el-islam-y-la-mision-de-los-musulmanes/",
        "Explicar el Islam en Español -2 Parte": "https://knowingallah.com/es/videos/explicar-el-islam-en-espanol-2-parte/",
        "Explicar el Islam en Español -1 Parte": "https://knowingallah.com/es/videos/explicar-el-islam-en-espanol-1-parte/",
        "Afirmarse en el Islam": "https://knowingallah.com/es/videos/afirmarse-en-el-islam/",
        "La Causa de la Fortaleza de la Fe": "https://knowingallah.com/es/videos/la-causa-de-la-fortaleza-de-la-fe/",
        "Modales Islámicos": "https://knowingallah.com/es/videos/modales-islamicos/",
        "El Mes de Ramadan": "https://knowingallah.com/es/videos/el-mes-de-ramadan/",
        "El Ayuno del Musulmán": "https://knowingallah.com/es/videos/el-ayuno-del-musulman/",
        "Ramadán, Una Oportunidad Única para Cambiar": "https://knowingallah.com/es/videos/ramadan-una-oportunidad-unica-para-cambiar/",
        "Ramadán, el Tiempo de la Misericordia": "https://knowingallah.com/es/videos/ramadan-el-tiempo-de-la-misericordia/",
        "Ramadan TV en Español - Shayj Ali Laraki": "https://knowingallah.com/es/videos/ramadan-tv-en-espanol-shayj-ali-laraki/",
        "¿Qué Es Ramadán?": "https://knowingallah.com/es/videos/que-es-ramadan/",
        "¿Cómo pedir perdon a Allah?": "https://knowingallah.com/es/videos/como-pedir-perdon-a-allah/",
        "2 Parte - La Misericordia y el Trono de Allah": "https://knowingallah.com/es/videos/2-parte-la-misericordia-y-el-trono-de-allah/",
        "La Misericordia y el Trono de Allah (1)": "https://knowingallah.com/es/videos/la-misericordia-y-el-trono-de-allah-1/",
        "Reflexionar: La Palabra, Hermandad y Misericordia- Conocer a Allah": "https://knowingallah.com/es/videos/1981-reflexionar-la-palabra-hermandad-y-misericordia-conocer-a-allah/",
        "El Poder Es para Allah": "https://knowingallah.com/es/videos/el-poder-es-para-allah/",
        "Milagros Científicos Del Corán 4/7": "https://knowingallah.com/es/videos/milagros-cientificos-del-coran-4-7/",
        "Milagros Científicos Del Corán 3/7": "https://knowingallah.com/es/videos/milagros-cientificos-del-coran-3-7/",
        "El Islam Comenzó Como Algo Extraño": "https://knowingallah.com/es/videos/el-islam-comenzo-como-algo-extrano/",
        "Mensaje para un Ateo": "https://knowingallah.com/es/videos/mensaje-para-un-ateo/",
        "Terapia Contra las Preocupaciones y Tristezas": "https://knowingallah.com/es/videos/terapia-contra-las-preocupaciones-y-tristezas/",
        "20 Técnicas del Profeta [saaus] para la Educación - 2 Parte": "https://knowingallah.com/es/videos/20-tecnicas-del-profeta-saaus-para-la-educacion-2-parte/",
        "20 Técnicas del Profeta [saaus] para la Educación - 1 Parte": "https://knowingallah.com/es/videos/20-tecnicas-del-profeta-saaus-para-la-educacion-1-parte/",
        "Particularidades del Islam / ¿Qué es el Islam?": "https://knowingallah.com/es/videos/particularidades-del-islam-que-es-el-islam/",
        "La Verdad Dobre la Historia Islámica": "https://knowingallah.com/es/videos/la-verdad-dobre-la-historia-islamica/",
        "Breve descripción del Profeta Muhammad (saws)": "https://knowingallah.com/es/videos/breve-descripcion-del-profeta-muhammad-saws/",
        "Importancia de Seguir la Sunna del Profeta (saaus)": "https://knowingallah.com/es/videos/importancia-de-seguir-la-sunna-del-profeta-saaus/",
        "Aprender a Recitar Sura Al-Fatiha": "https://knowingallah.com/es/videos/aprender-a-recitar-sura-al-fatiha/",
        "El desarrollo de la Identidad del Musulmán en Occidente": "https://knowingallah.com/es/videos/el-desarrollo-de-la-identidad-del-musulman-en-occidente/",
        "Cómo orar": "https://knowingallah.com/es/videos/como-orar/",
        "Aprender a recitar Surah Al-Fatiha": "https://knowingallah.com/es/videos/aprender-a-recitar-surah-al-fatiha/",
        "Como realizar la Ablución": "https://knowingallah.com/es/videos/como-realizar-la-ablucion/"
      },
      "Historias Inspiradoras": {
        "Misionero convertido al Islam- Joshua Evans- Conocer a Allah": "https://knowingallah.com/es/videos/2598-misionero-convertido-al-islam-joshua-evans-conocer-a-allah/",
        "La Importancia de Cultivar el Corazón-2da. Parte": "https://knowingallah.com/es/videos/la-importancia-de-cultivar-el-corazon-2da-parte/",
        "Luces para el Corazón 1, Importancia del Corazón- Conocer a Allah": "https://knowingallah.com/es/videos/2248-luces-para-el-corazon-1-importancia-del-corazon-conocer-a-allah/",
        "Historia de los Sahaba - 3ra Parte": "https://knowingallah.com/es/videos/historia-de-los-sahaba-3ra-parte/",
        "Historia de los Sahaba - 2 Parte": "https://knowingallah.com/es/videos/historia-de-los-sahaba-2-parte/",
        "Historia de los Sahaba": "https://knowingallah.com/es/videos/historia-de-los-sahaba/",
        "La Vida de Omar Ibn Jatab": "https://knowingallah.com/es/videos/la-vida-de-omar-ibn-jatab/",
        "\"Los Héroes del Islam\"": "https://knowingallah.com/es/videos/los-heroes-del-islam/",
        "\"El Día del Juicio Final.\" Por Malik Ibn Benaisa.": "https://knowingallah.com/es/videos/el-dia-del-juicio-final-por-malik-ibn-benaisa/",
        "La Relación del Musulmán con Al-lah, con el Islam y con sus Padres": "https://knowingallah.com/es/videos/la-relacion-del-musulman-con-al-lah-con-el-islam-y-con-sus-padres/",
        "Intercesión del Profeta Muhammad a Favor de Su Umma- Conocer a Alah": "https://knowingallah.com/es/videos/2196-intercesion-del-profeta-muhammad-a-favor-de-su-umma-conocer-a-alah/",
        "El Buen Trato a los Animales": "https://knowingallah.com/es/videos/el-buen-trato-a-los-animales/",
        "El viaje del alma. Qué pasa después de la muerte? Islam": "https://knowingallah.com/es/videos/el-viaje-de-las-almas-tras-la-muerte/",
        "\"Patrullas nocturnas con ´Umar Ibn Al Khattab\"": "https://knowingallah.com/es/videos/patrullas-nocturnas-con-umar-ibn-al-khattab/"
      }
    }
  }
}
